id,category,role,cad_layer,aci,section,segment,scheme,start_x,start_y,start_z,end_x,end_y,end_z,length
column_0001,column,柱子,ZJ8_COLUMN,8,HM-240x240,Z1,alternating-x,0.0,-2875.0,0.0,0.0,-2875.0,4250.0,4250.0
column_0002,column,柱子,ZJ8_COLUMN,8,HM-240x240,Z1,alternating-x,0.0,-2875.0,4250.0,0.0,-2875.0,8500.0,4250.0
column_0003,column,柱子,ZJ8_COLUMN,8,HM-240x240,Z1,alternating-x,0.0,-2875.0,8500.0,0.0,-2875.0,12750.0,4250.0
column_0004,column,柱子,ZJ8_COLUMN,8,HM-240x240,Z1,alternating-x,0.0,-2875.0,12750.0,0.0,-2875.0,17000.0,4250.0
column_0005,column,柱子,ZJ8_COLUMN,8,HM-240x240,Z1,alternating-x,0.0,2875.0,0.0,0.0,2875.0,4250.0,4250.0
column_0006,column,柱子,ZJ8_COLUMN,8,HM-240x240,Z1,alternating-x,0.0,2875.0,4250.0,0.0,2875.0,8500.0,4250.0
column_0007,column,柱子,ZJ8_COLUMN,8,HM-240x240,Z1,alternating-x,0.0,2875.0,8500.0,0.0,2875.0,12750.0,4250.0
column_0008,column,柱子,ZJ8_COLUMN,8,HM-240x240,Z1,alternating-x,0.0,2875.0,12750.0,0.0,2875.0,17000.0,4250.0
deck_cross_beam_0001,deck_cross_beam,横向梁,ZJ8_DECK_CROSS,4,HN-180x180,P1_0_3000:Z1,double-side-cantilever,0.0,-2200.0,17000.0,0.0,2700.0,17000.0,4900.0
transverse_column_brace_0001,transverse_column_brace,横向柱间支撑,ZJ8_TRANSVERSE_BRACE,1,L90x90,P1_0_3000:Z1,alternating-x,0.0,-2875.0,0.0,0.0,2875.0,17000.0,17946.099855
transverse_column_brace_0002,transverse_column_brace,横向柱间支撑,ZJ8_TRANSVERSE_BRACE,1,L90x90,P1_0_3000:Z1,alternating-x,0.0,2875.0,0.0,0.0,-2875.0,17000.0,17946.099855
column_0009,column,柱子,ZJ8_COLUMN,8,HM-240x240,Z2,alternating-x,12000.0,-2875.0,0.0,12000.0,-2875.0,4250.0,4250.0
column_0010,column,柱子,ZJ8_COLUMN,8,HM-240x240,Z2,alternating-x,12000.0,-2875.0,4250.0,12000.0,-2875.0,8500.0,4250.0
column_0011,column,柱子,ZJ8_COLUMN,8,HM-240x240,Z2,alternating-x,12000.0,-2875.0,8500.0,12000.0,-2875.0,12750.0,4250.0
column_0012,column,柱子,ZJ8_COLUMN,8,HM-240x240,Z2,alternating-x,12000.0,-2875.0,12750.0,12000.0,-2875.0,17000.0,4250.0
column_0013,column,柱子,ZJ8_COLUMN,8,HM-240x240,Z2,alternating-x,12000.0,2875.0,0.0,12000.0,2875.0,4250.0,4250.0
column_0014,column,柱子,ZJ8_COLUMN,8,HM-240x240,Z2,alternating-x,12000.0,2875.0,4250.0,12000.0,2875.0,8500.0,4250.0
column_0015,column,柱子,ZJ8_COLUMN,8,HM-240x240,Z2,alternating-x,12000.0,2875.0,8500.0,12000.0,2875.0,12750.0,4250.0
column_0016,column,柱子,ZJ8_COLUMN,8,HM-240x240,Z2,alternating-x,12000.0,2875.0,12750.0,12000.0,2875.0,17000.0,4250.0
deck_cross_beam_0002,deck_cross_beam,横向梁,ZJ8_DECK_CROSS,4,HN-180x180,P2_3000_41520:Z2,double-side-cantilever,12000.0,-2200.0,17000.0,12000.0,2700.0,17000.0,4900.0
transverse_column_brace_0003,transverse_column_brace,横向柱间支撑,ZJ8_TRANSVERSE_BRACE,1,L90x90,P2_3000_41520:Z2,alternating-x,12000.0,-2875.0,0.0,12000.0,2875.0,17000.0,17946.099855
transverse_column_brace_0004,transverse_column_brace,横向柱间支撑,ZJ8_TRANSVERSE_BRACE,1,L90x90,P2_3000_41520:Z2,alternating-x,12000.0,2875.0,0.0,12000.0,-2875.0,17000.0,17946.099855
column_0017,column,柱子,ZJ8_COLUMN,8,HM-240x240,Z3,alternating-x,24000.0,-2875.0,0.0,24000.0,-2875.0,4250.0,4250.0
column_0018,column,柱子,ZJ8_COLUMN,8,HM-240x240,Z3,alternating-x,24000.0,-2875.0,4250.0,24000.0,-2875.0,8500.0,4250.0
column_0019,column,柱子,ZJ8_COLUMN,8,HM-240x240,Z3,alternating-x,24000.0,-2875.0,8500.0,24000.0,-2875.0,12750.0,4250.0
column_0020,column,柱子,ZJ8_COLUMN,8,HM-240x240,Z3,alternating-x,24000.0,-2875.0,12750.0,24000.0,-2875.0,17000.0,4250.0
column_0021,column,柱子,ZJ8_COLUMN,8,HM-240x240,Z3,alternating-x,24000.0,2875.0,0.0,24000.0,2875.0,4250.0,4250.0
column_0022,column,柱子,ZJ8_COLUMN,8,HM-240x240,Z3,alternating-x,24000.0,2875.0,4250.0,24000.0,2875.0,8500.0,4250.0
column_0023,column,柱子,ZJ8_COLUMN,8,HM-240x240,Z3,alternating-x,24000.0,2875.0,8500.0,24000.0,2875.0,12750.0,4250.0
column_0024,column,柱子,ZJ8_COLUMN,8,HM-240x240,Z3,alternating-x,24000.0,2875.0,12750.0,24000.0,2875.0,17000.0,4250.0
deck_cross_beam_0003,deck_cross_beam,横向梁,ZJ8_DECK_CROSS,4,HN-180x180,P2_3000_41520:Z3,double-side-cantilever,24000.0,-2200.0,17000.0,24000.0,2700.0,17000.0,4900.0
transverse_column_brace_0005,transverse_column_brace,横向柱间支撑,ZJ8_TRANSVERSE_BRACE,1,L90x90,P2_3000_41520:Z3,alternating-x,24000.0,-2875.0,0.0,24000.0,2875.0,17000.0,17946.099855
transverse_column_brace_0006,transverse_column_brace,横向柱间支撑,ZJ8_TRANSVERSE_BRACE,1,L90x90,P2_3000_41520:Z3,alternating-x,24000.0,2875.0,0.0,24000.0,-2875.0,17000.0,17946.099855
column_0025,column,柱子,ZJ8_COLUMN,8,HM-240x240,Z4,alternating-x,36000.0,-2875.0,0.0,36000.0,-2875.0,4250.0,4250.0
column_0026,column,柱子,ZJ8_COLUMN,8,HM-240x240,Z4,alternating-x,36000.0,-2875.0,4250.0,36000.0,-2875.0,8500.0,4250.0
column_0027,column,柱子,ZJ8_COLUMN,8,HM-240x240,Z4,alternating-x,36000.0,-2875.0,8500.0,36000.0,-2875.0,12750.0,4250.0
column_0028,column,柱子,ZJ8_COLUMN,8,HM-240x240,Z4,alternating-x,36000.0,-2875.0,12750.0,36000.0,-2875.0,17000.0,4250.0
column_0029,column,柱子,ZJ8_COLUMN,8,HM-240x240,Z4,alternating-x,36000.0,2875.0,0.0,36000.0,2875.0,4250.0,4250.0
column_0030,column,柱子,ZJ8_COLUMN,8,HM-240x240,Z4,alternating-x,36000.0,2875.0,4250.0,36000.0,2875.0,8500.0,4250.0
column_0031,column,柱子,ZJ8_COLUMN,8,HM-240x240,Z4,alternating-x,36000.0,2875.0,8500.0,36000.0,2875.0,12750.0,4250.0
column_0032,column,柱子,ZJ8_COLUMN,8,HM-240x240,Z4,alternating-x,36000.0,2875.0,12750.0,36000.0,2875.0,17000.0,4250.0
deck_cross_beam_0004,deck_cross_beam,横向梁,ZJ8_DECK_CROSS,4,HN-180x180,P2_3000_41520:Z4,double-side-cantilever,36000.0,-2200.0,17000.0,36000.0,2700.0,17000.0,4900.0
transverse_column_brace_0007,transverse_column_brace,横向柱间支撑,ZJ8_TRANSVERSE_BRACE,1,L90x90,P2_3000_41520:Z4,alternating-x,36000.0,-2875.0,0.0,36000.0,2875.0,17000.0,17946.099855
transverse_column_brace_0008,transverse_column_brace,横向柱间支撑,ZJ8_TRANSVERSE_BRACE,1,L90x90,P2_3000_41520:Z4,alternating-x,36000.0,2875.0,0.0,36000.0,-2875.0,17000.0,17946.099855
column_0033,column,柱子,ZJ8_COLUMN,8,HM-240x240,Z5,alternating-x,39000.0,-2875.0,0.0,39000.0,-2875.0,4250.0,4250.0
column_0034,column,柱子,ZJ8_COLUMN,8,HM-240x240,Z5,alternating-x,39000.0,-2875.0,4250.0,39000.0,-2875.0,8500.0,4250.0
column_0035,column,柱子,ZJ8_COLUMN,8,HM-240x240,Z5,alternating-x,39000.0,-2875.0,8500.0,39000.0,-2875.0,12750.0,4250.0
column_0036,column,柱子,ZJ8_COLUMN,8,HM-240x240,Z5,alternating-x,39000.0,-2875.0,12750.0,39000.0,-2875.0,17000.0,4250.0
column_0037,column,柱子,ZJ8_COLUMN,8,HM-240x240,Z5,alternating-x,39000.0,2875.0,0.0,39000.0,2875.0,4250.0,4250.0
column_0038,column,柱子,ZJ8_COLUMN,8,HM-240x240,Z5,alternating-x,39000.0,2875.0,4250.0,39000.0,2875.0,8500.0,4250.0
column_0039,column,柱子,ZJ8_COLUMN,8,HM-240x240,Z5,alternating-x,39000.0,2875.0,8500.0,39000.0,2875.0,12750.0,4250.0
column_0040,column,柱子,ZJ8_COLUMN,8,HM-240x240,Z5,alternating-x,39000.0,2875.0,12750.0,39000.0,2875.0,17000.0,4250.0
deck_cross_beam_0005,deck_cross_beam,横向梁,ZJ8_DECK_CROSS,4,HN-180x180,P2_3000_41520:Z5,double-side-cantilever,39000.0,-2200.0,17000.0,39000.0,2700.0,17000.0,4900.0
transverse_column_brace_0009,transverse_column_brace,横向柱间支撑,ZJ8_TRANSVERSE_BRACE,1,L90x90,P2_3000_41520:Z5,alternating-x,39000.0,-2875.0,0.0,39000.0,2875.0,17000.0,17946.099855
transverse_column_brace_0010,transverse_column_brace,横向柱间支撑,ZJ8_TRANSVERSE_BRACE,1,L90x90,P2_3000_41520:Z5,alternating-x,39000.0,2875.0,0.0,39000.0,-2875.0,17000.0,17946.099855
column_0041,column,柱子,ZJ8_COLUMN,8,HM-240x240,Z6,alternating-x,59520.0,-2875.0,0.0,59520.0,-2875.0,4250.0,4250.0
column_0042,column,柱子,ZJ8_COLUMN,8,HM-240x240,Z6,alternating-x,59520.0,-2875.0,4250.0,59520.0,-2875.0,8500.0,4250.0
column_0043,column,柱子,ZJ8_COLUMN,8,HM-240x240,Z6,alternating-x,59520.0,-2875.0,8500.0,59520.0,-2875.0,12750.0,4250.0
column_0044,column,柱子,ZJ8_COLUMN,8,HM-240x240,Z6,alternating-x,59520.0,-2875.0,12750.0,59520.0,-2875.0,17000.0,4250.0
column_0045,column,柱子,ZJ8_COLUMN,8,HM-240x240,Z6,alternating-x,59520.0,2875.0,0.0,59520.0,2875.0,4250.0,4250.0
column_0046,column,柱子,ZJ8_COLUMN,8,HM-240x240,Z6,alternating-x,59520.0,2875.0,4250.0,59520.0,2875.0,8500.0,4250.0
column_0047,column,柱子,ZJ8_COLUMN,8,HM-240x240,Z6,alternating-x,59520.0,2875.0,8500.0,59520.0,2875.0,12750.0,4250.0
column_0048,column,柱子,ZJ8_COLUMN,8,HM-240x240,Z6,alternating-x,59520.0,2875.0,12750.0,59520.0,2875.0,17000.0,4250.0
deck_cross_beam_0006,deck_cross_beam,横向梁,ZJ8_DECK_CROSS,4,HN-180x180,P3_41520_83520:Z6,double-side-cantilever,59520.0,-2200.0,17000.0,59520.0,2700.0,17000.0,4900.0
transverse_column_brace_0011,transverse_column_brace,横向柱间支撑,ZJ8_TRANSVERSE_BRACE,1,L90x90,P3_41520_83520:Z6,alternating-x,59520.0,-2875.0,0.0,59520.0,2875.0,17000.0,17946.099855
transverse_column_brace_0012,transverse_column_brace,横向柱间支撑,ZJ8_TRANSVERSE_BRACE,1,L90x90,P3_41520_83520:Z6,alternating-x,59520.0,2875.0,0.0,59520.0,-2875.0,17000.0,17946.099855
column_0049,column,柱子,ZJ8_COLUMN,8,HM-240x240,Z7,alternating-x,62520.0,-2875.0,0.0,62520.0,-2875.0,4250.0,4250.0
column_0050,column,柱子,ZJ8_COLUMN,8,HM-240x240,Z7,alternating-x,62520.0,-2875.0,4250.0,62520.0,-2875.0,8500.0,4250.0
column_0051,column,柱子,ZJ8_COLUMN,8,HM-240x240,Z7,alternating-x,62520.0,-2875.0,8500.0,62520.0,-2875.0,12750.0,4250.0
column_0052,column,柱子,ZJ8_COLUMN,8,HM-240x240,Z7,alternating-x,62520.0,-2875.0,12750.0,62520.0,-2875.0,17000.0,4250.0
column_0053,column,柱子,ZJ8_COLUMN,8,HM-240x240,Z7,alternating-x,62520.0,2875.0,0.0,62520.0,2875.0,4250.0,4250.0
column_0054,column,柱子,ZJ8_COLUMN,8,HM-240x240,Z7,alternating-x,62520.0,2875.0,4250.0,62520.0,2875.0,8500.0,4250.0
column_0055,column,柱子,ZJ8_COLUMN,8,HM-240x240,Z7,alternating-x,62520.0,2875.0,8500.0,62520.0,2875.0,12750.0,4250.0
column_0056,column,柱子,ZJ8_COLUMN,8,HM-240x240,Z7,alternating-x,62520.0,2875.0,12750.0,62520.0,2875.0,17000.0,4250.0
deck_cross_beam_0007,deck_cross_beam,横向梁,ZJ8_DECK_CROSS,4,HN-180x180,P3_41520_83520:Z7,double-side-cantilever,62520.0,-2200.0,17000.0,62520.0,2700.0,17000.0,4900.0
transverse_column_brace_0013,transverse_column_brace,横向柱间支撑,ZJ8_TRANSVERSE_BRACE,1,L90x90,P3_41520_83520:Z7,alternating-x,62520.0,-2875.0,0.0,62520.0,2875.0,17000.0,17946.099855
transverse_column_brace_0014,transverse_column_brace,横向柱间支撑,ZJ8_TRANSVERSE_BRACE,1,L90x90,P3_41520_83520:Z7,alternating-x,62520.0,2875.0,0.0,62520.0,-2875.0,17000.0,17946.099855
column_0057,column,柱子,ZJ8_COLUMN,8,HM-240x240,Z8,alternating-x,74520.0,-2875.0,0.0,74520.0,-2875.0,4250.0,4250.0
column_0058,column,柱子,ZJ8_COLUMN,8,HM-240x240,Z8,alternating-x,74520.0,-2875.0,4250.0,74520.0,-2875.0,8500.0,4250.0
column_0059,column,柱子,ZJ8_COLUMN,8,HM-240x240,Z8,alternating-x,74520.0,-2875.0,8500.0,74520.0,-2875.0,12750.0,4250.0
column_0060,column,柱子,ZJ8_COLUMN,8,HM-240x240,Z8,alternating-x,74520.0,-2875.0,12750.0,74520.0,-2875.0,17000.0,4250.0
column_0061,column,柱子,ZJ8_COLUMN,8,HM-240x240,Z8,alternating-x,74520.0,2875.0,0.0,74520.0,2875.0,4250.0,4250.0
column_0062,column,柱子,ZJ8_COLUMN,8,HM-240x240,Z8,alternating-x,74520.0,2875.0,4250.0,74520.0,2875.0,8500.0,4250.0
column_0063,column,柱子,ZJ8_COLUMN,8,HM-240x240,Z8,alternating-x,74520.0,2875.0,8500.0,74520.0,2875.0,12750.0,4250.0
column_0064,column,柱子,ZJ8_COLUMN,8,HM-240x240,Z8,alternating-x,74520.0,2875.0,12750.0,74520.0,2875.0,17000.0,4250.0
deck_cross_beam_0008,deck_cross_beam,横向梁,ZJ8_DECK_CROSS,4,HN-180x180,P3_41520_83520:Z8,double-side-cantilever,74520.0,-2200.0,17000.0,74520.0,2700.0,17000.0,4900.0
transverse_column_brace_0015,transverse_column_brace,横向柱间支撑,ZJ8_TRANSVERSE_BRACE,1,L90x90,P3_41520_83520:Z8,alternating-x,74520.0,-2875.0,0.0,74520.0,2875.0,17000.0,17946.099855
transverse_column_brace_0016,transverse_column_brace,横向柱间支撑,ZJ8_TRANSVERSE_BRACE,1,L90x90,P3_41520_83520:Z8,alternating-x,74520.0,2875.0,0.0,74520.0,-2875.0,17000.0,17946.099855
column_0065,column,柱子,ZJ8_COLUMN,8,HM-240x240,Z9,alternating-x,77520.0,-2875.0,0.0,77520.0,-2875.0,4250.0,4250.0
column_0066,column,柱子,ZJ8_COLUMN,8,HM-240x240,Z9,alternating-x,77520.0,-2875.0,4250.0,77520.0,-2875.0,8500.0,4250.0
column_0067,column,柱子,ZJ8_COLUMN,8,HM-240x240,Z9,alternating-x,77520.0,-2875.0,8500.0,77520.0,-2875.0,12750.0,4250.0
column_0068,column,柱子,ZJ8_COLUMN,8,HM-240x240,Z9,alternating-x,77520.0,-2875.0,12750.0,77520.0,-2875.0,17000.0,4250.0
column_0069,column,柱子,ZJ8_COLUMN,8,HM-240x240,Z9,alternating-x,77520.0,2875.0,0.0,77520.0,2875.0,4250.0,4250.0
column_0070,column,柱子,ZJ8_COLUMN,8,HM-240x240,Z9,alternating-x,77520.0,2875.0,4250.0,77520.0,2875.0,8500.0,4250.0
column_0071,column,柱子,ZJ8_COLUMN,8,HM-240x240,Z9,alternating-x,77520.0,2875.0,8500.0,77520.0,2875.0,12750.0,4250.0
column_0072,column,柱子,ZJ8_COLUMN,8,HM-240x240,Z9,alternating-x,77520.0,2875.0,12750.0,77520.0,2875.0,17000.0,4250.0
deck_cross_beam_0009,deck_cross_beam,横向梁,ZJ8_DECK_CROSS,4,HN-180x180,P3_41520_83520:Z9,double-side-cantilever,77520.0,-2200.0,17000.0,77520.0,2700.0,17000.0,4900.0
transverse_column_brace_0017,transverse_column_brace,横向柱间支撑,ZJ8_TRANSVERSE_BRACE,1,L90x90,P3_41520_83520:Z9,alternating-x,77520.0,-2875.0,0.0,77520.0,2875.0,17000.0,17946.099855
transverse_column_brace_0018,transverse_column_brace,横向柱间支撑,ZJ8_TRANSVERSE_BRACE,1,L90x90,P3_41520_83520:Z9,alternating-x,77520.0,2875.0,0.0,77520.0,-2875.0,17000.0,17946.099855
column_0073,column,柱子,ZJ8_COLUMN,8,HM-240x240,Z10,alternating-x,116520.0,-2875.0,0.0,116520.0,-2875.0,4250.0,4250.0
column_0074,column,柱子,ZJ8_COLUMN,8,HM-240x240,Z10,alternating-x,116520.0,-2875.0,4250.0,116520.0,-2875.0,8500.0,4250.0
column_0075,column,柱子,ZJ8_COLUMN,8,HM-240x240,Z10,alternating-x,116520.0,-2875.0,8500.0,116520.0,-2875.0,12750.0,4250.0
column_0076,column,柱子,ZJ8_COLUMN,8,HM-240x240,Z10,alternating-x,116520.0,-2875.0,12750.0,116520.0,-2875.0,17000.0,4250.0
column_0077,column,柱子,ZJ8_COLUMN,8,HM-240x240,Z10,alternating-x,116520.0,2875.0,0.0,116520.0,2875.0,4250.0,4250.0
column_0078,column,柱子,ZJ8_COLUMN,8,HM-240x240,Z10,alternating-x,116520.0,2875.0,4250.0,116520.0,2875.0,8500.0,4250.0
column_0079,column,柱子,ZJ8_COLUMN,8,HM-240x240,Z10,alternating-x,116520.0,2875.0,8500.0,116520.0,2875.0,12750.0,4250.0
column_0080,column,柱子,ZJ8_COLUMN,8,HM-240x240,Z10,alternating-x,116520.0,2875.0,12750.0,116520.0,2875.0,17000.0,4250.0
deck_cross_beam_0010,deck_cross_beam,横向梁,ZJ8_DECK_CROSS,4,HN-180x180,P4_83520_119520:Z10,double-side-cantilever,116520.0,-2200.0,17000.0,116520.0,2700.0,17000.0,4900.0
transverse_column_brace_0019,transverse_column_brace,横向柱间支撑,ZJ8_TRANSVERSE_BRACE,1,L90x90,P4_83520_119520:Z10,alternating-x,116520.0,-2875.0,0.0,116520.0,2875.0,17000.0,17946.099855
transverse_column_brace_0020,transverse_column_brace,横向柱间支撑,ZJ8_TRANSVERSE_BRACE,1,L90x90,P4_83520_119520:Z10,alternating-x,116520.0,2875.0,0.0,116520.0,-2875.0,17000.0,17946.099855
column_0081,column,柱子,ZJ8_COLUMN,8,HM-240x240,Z11,alternating-x,119520.0,-2875.0,0.0,119520.0,-2875.0,4250.0,4250.0
column_0082,column,柱子,ZJ8_COLUMN,8,HM-240x240,Z11,alternating-x,119520.0,-2875.0,4250.0,119520.0,-2875.0,8500.0,4250.0
column_0083,column,柱子,ZJ8_COLUMN,8,HM-240x240,Z11,alternating-x,119520.0,-2875.0,8500.0,119520.0,-2875.0,12750.0,4250.0
column_0084,column,柱子,ZJ8_COLUMN,8,HM-240x240,Z11,alternating-x,119520.0,-2875.0,12750.0,119520.0,-2875.0,17000.0,4250.0
column_0085,column,柱子,ZJ8_COLUMN,8,HM-240x240,Z11,alternating-x,119520.0,2875.0,0.0,119520.0,2875.0,4250.0,4250.0
column_0086,column,柱子,ZJ8_COLUMN,8,HM-240x240,Z11,alternating-x,119520.0,2875.0,4250.0,119520.0,2875.0,8500.0,4250.0
column_0087,column,柱子,ZJ8_COLUMN,8,HM-240x240,Z11,alternating-x,119520.0,2875.0,8500.0,119520.0,2875.0,12750.0,4250.0
column_0088,column,柱子,ZJ8_COLUMN,8,HM-240x240,Z11,alternating-x,119520.0,2875.0,12750.0,119520.0,2875.0,17000.0,4250.0
deck_cross_beam_0011,deck_cross_beam,横向梁,ZJ8_DECK_CROSS,4,HN-180x180,P4_83520_119520:Z11,double-side-cantilever,119520.0,-2200.0,17000.0,119520.0,2700.0,17000.0,4900.0
transverse_column_brace_0021,transverse_column_brace,横向柱间支撑,ZJ8_TRANSVERSE_BRACE,1,L90x90,P4_83520_119520:Z11,alternating-x,119520.0,-2875.0,0.0,119520.0,2875.0,17000.0,17946.099855
transverse_column_brace_0022,transverse_column_brace,横向柱间支撑,ZJ8_TRANSVERSE_BRACE,1,L90x90,P4_83520_119520:Z11,alternating-x,119520.0,2875.0,0.0,119520.0,-2875.0,17000.0,17946.099855
cantilever_edge_beam_0001,cantilever_edge_beam,外挑边梁,ZJ8_CANTILEVER_EDGE,3,HN-120x120,START_CANTILEVER,double-side-cantilever,-1400.0,-2200.0,17000.0,0.0,-2200.0,17000.0,1400.0
cantilever_edge_beam_0002,cantilever_edge_beam,外挑边梁,ZJ8_CANTILEVER_EDGE,3,HN-120x120,START_CANTILEVER,double-side-cantilever,-1400.0,2700.0,17000.0,0.0,2700.0,17000.0,1400.0
deck_main_beam_0001,deck_main_beam,平台主梁,ZJ8_DECK_MAIN,4,HM-220x220,P2_3000_41520:S1_0_12000,double-side-cantilever,0.0,-2875.0,17000.0,3000.0,-2875.0,17000.0,3000.0
deck_main_beam_0002,deck_main_beam,平台主梁,ZJ8_DECK_MAIN,4,HM-220x220,P2_3000_41520:S1_0_12000,double-side-cantilever,3000.0,-2875.0,17000.0,6000.0,-2875.0,17000.0,3000.0
deck_main_beam_0003,deck_main_beam,平台主梁,ZJ8_DECK_MAIN,4,HM-220x220,P2_3000_41520:S1_0_12000,double-side-cantilever,6000.0,-2875.0,17000.0,9000.0,-2875.0,17000.0,3000.0
deck_main_beam_0004,deck_main_beam,平台主梁,ZJ8_DECK_MAIN,4,HM-220x220,P2_3000_41520:S1_0_12000,double-side-cantilever,9000.0,-2875.0,17000.0,12000.0,-2875.0,17000.0,3000.0
deck_main_beam_0005,deck_main_beam,平台主梁,ZJ8_DECK_MAIN,4,HM-220x220,P2_3000_41520:S1_0_12000,double-side-cantilever,0.0,2875.0,17000.0,3000.0,2875.0,17000.0,3000.0
deck_main_beam_0006,deck_main_beam,平台主梁,ZJ8_DECK_MAIN,4,HM-220x220,P2_3000_41520:S1_0_12000,double-side-cantilever,3000.0,2875.0,17000.0,6000.0,2875.0,17000.0,3000.0
deck_main_beam_0007,deck_main_beam,平台主梁,ZJ8_DECK_MAIN,4,HM-220x220,P2_3000_41520:S1_0_12000,double-side-cantilever,6000.0,2875.0,17000.0,9000.0,2875.0,17000.0,3000.0
deck_main_beam_0008,deck_main_beam,平台主梁,ZJ8_DECK_MAIN,4,HM-220x220,P2_3000_41520:S1_0_12000,double-side-cantilever,9000.0,2875.0,17000.0,12000.0,2875.0,17000.0,3000.0
deck_cross_beam_0012,deck_cross_beam,横向梁,ZJ8_DECK_CROSS,4,HN-180x180,P2_3000_41520:S1_0_12000,double-side-cantilever,3000.0,-2200.0,17000.0,3000.0,2700.0,17000.0,4900.0
deck_cross_beam_0013,deck_cross_beam,横向梁,ZJ8_DECK_CROSS,4,HN-180x180,P2_3000_41520:S1_0_12000,double-side-cantilever,6000.0,-2200.0,17000.0,6000.0,2700.0,17000.0,4900.0
deck_cross_beam_0014,deck_cross_beam,横向梁,ZJ8_DECK_CROSS,4,HN-180x180,P2_3000_41520:S1_0_12000,double-side-cantilever,9000.0,-2200.0,17000.0,9000.0,2700.0,17000.0,4900.0
deck_secondary_beam_0001,deck_secondary_beam,平台次梁,ZJ8_DECK_SECONDARY,3,HN-120x120,P2_3000_41520:S1_0_12000,double-side-cantilever,0.0,-1075.0,17000.0,3000.0,-1075.0,17000.0,3000.0
deck_secondary_beam_0002,deck_secondary_beam,平台次梁,ZJ8_DECK_SECONDARY,3,HN-120x120,P2_3000_41520:S1_0_12000,double-side-cantilever,3000.0,-1075.0,17000.0,6000.0,-1075.0,17000.0,3000.0
deck_secondary_beam_0003,deck_secondary_beam,平台次梁,ZJ8_DECK_SECONDARY,3,HN-120x120,P2_3000_41520:S1_0_12000,double-side-cantilever,6000.0,-1075.0,17000.0,9000.0,-1075.0,17000.0,3000.0
deck_secondary_beam_0004,deck_secondary_beam,平台次梁,ZJ8_DECK_SECONDARY,3,HN-120x120,P2_3000_41520:S1_0_12000,double-side-cantilever,9000.0,-1075.0,17000.0,12000.0,-1075.0,17000.0,3000.0
deck_secondary_beam_0005,deck_secondary_beam,平台次梁,ZJ8_DECK_SECONDARY,3,HN-120x120,P2_3000_41520:S1_0_12000,double-side-cantilever,0.0,1075.0,17000.0,3000.0,1075.0,17000.0,3000.0
deck_secondary_beam_0006,deck_secondary_beam,平台次梁,ZJ8_DECK_SECONDARY,3,HN-120x120,P2_3000_41520:S1_0_12000,double-side-cantilever,3000.0,1075.0,17000.0,6000.0,1075.0,17000.0,3000.0
deck_secondary_beam_0007,deck_secondary_beam,平台次梁,ZJ8_DECK_SECONDARY,3,HN-120x120,P2_3000_41520:S1_0_12000,double-side-cantilever,6000.0,1075.0,17000.0,9000.0,1075.0,17000.0,3000.0
deck_secondary_beam_0008,deck_secondary_beam,平台次梁,ZJ8_DECK_SECONDARY,3,HN-120x120,P2_3000_41520:S1_0_12000,double-side-cantilever,9000.0,1075.0,17000.0,12000.0,1075.0,17000.0,3000.0
cantilever_edge_beam_0003,cantilever_edge_beam,外挑边梁,ZJ8_CANTILEVER_EDGE,3,HN-120x120,P2_3000_41520:S1_0_12000,double-side-cantilever,0.0,-2200.0,17000.0,3000.0,-2200.0,17000.0,3000.0
cantilever_edge_beam_0004,cantilever_edge_beam,外挑边梁,ZJ8_CANTILEVER_EDGE,3,HN-120x120,P2_3000_41520:S1_0_12000,double-side-cantilever,3000.0,-2200.0,17000.0,6000.0,-2200.0,17000.0,3000.0
cantilever_edge_beam_0005,cantilever_edge_beam,外挑边梁,ZJ8_CANTILEVER_EDGE,3,HN-120x120,P2_3000_41520:S1_0_12000,double-side-cantilever,6000.0,-2200.0,17000.0,9000.0,-2200.0,17000.0,3000.0
cantilever_edge_beam_0006,cantilever_edge_beam,外挑边梁,ZJ8_CANTILEVER_EDGE,3,HN-120x120,P2_3000_41520:S1_0_12000,double-side-cantilever,9000.0,-2200.0,17000.0,12000.0,-2200.0,17000.0,3000.0
cantilever_edge_beam_0007,cantilever_edge_beam,外挑边梁,ZJ8_CANTILEVER_EDGE,3,HN-120x120,P2_3000_41520:S1_0_12000,double-side-cantilever,0.0,2700.0,17000.0,3000.0,2700.0,17000.0,3000.0
cantilever_edge_beam_0008,cantilever_edge_beam,外挑边梁,ZJ8_CANTILEVER_EDGE,3,HN-120x120,P2_3000_41520:S1_0_12000,double-side-cantilever,3000.0,2700.0,17000.0,6000.0,2700.0,17000.0,3000.0
cantilever_edge_beam_0009,cantilever_edge_beam,外挑边梁,ZJ8_CANTILEVER_EDGE,3,HN-120x120,P2_3000_41520:S1_0_12000,double-side-cantilever,6000.0,2700.0,17000.0,9000.0,2700.0,17000.0,3000.0
cantilever_edge_beam_0010,cantilever_edge_beam,外挑边梁,ZJ8_CANTILEVER_EDGE,3,HN-120x120,P2_3000_41520:S1_0_12000,double-side-cantilever,9000.0,2700.0,17000.0,12000.0,2700.0,17000.0,3000.0
platform_brace_0001,platform_brace,平台平面支撑,ZJ8_PLATFORM_BRACE,1,L90x90,P2_3000_41520:S1_0_12000,alternating-x,0.0,-2875.0,17000.0,3000.0,2875.0,17000.0,6485.560886
platform_brace_0002,platform_brace,平台平面支撑,ZJ8_PLATFORM_BRACE,1,L90x90,P2_3000_41520:S1_0_12000,alternating-x,3000.0,2875.0,17000.0,6000.0,-2875.0,17000.0,6485.560886
platform_brace_0003,platform_brace,平台平面支撑,ZJ8_PLATFORM_BRACE,1,L90x90,P2_3000_41520:S1_0_12000,alternating-x,6000.0,-2875.0,17000.0,9000.0,2875.0,17000.0,6485.560886
platform_brace_0004,platform_brace,平台平面支撑,ZJ8_PLATFORM_BRACE,1,L90x90,P2_3000_41520:S1_0_12000,alternating-x,9000.0,2875.0,17000.0,12000.0,-2875.0,17000.0,6485.560886
deck_main_beam_0009,deck_main_beam,平台主梁,ZJ8_DECK_MAIN,4,HM-220x220,P2_3000_41520:S2_12000_24000,double-side-cantilever,12000.0,-2875.0,17000.0,15000.0,-2875.0,17000.0,3000.0
deck_main_beam_0010,deck_main_beam,平台主梁,ZJ8_DECK_MAIN,4,HM-220x220,P2_3000_41520:S2_12000_24000,double-side-cantilever,15000.0,-2875.0,17000.0,18000.0,-2875.0,17000.0,3000.0
deck_main_beam_0011,deck_main_beam,平台主梁,ZJ8_DECK_MAIN,4,HM-220x220,P2_3000_41520:S2_12000_24000,double-side-cantilever,18000.0,-2875.0,17000.0,21000.0,-2875.0,17000.0,3000.0
deck_main_beam_0012,deck_main_beam,平台主梁,ZJ8_DECK_MAIN,4,HM-220x220,P2_3000_41520:S2_12000_24000,double-side-cantilever,21000.0,-2875.0,17000.0,24000.0,-2875.0,17000.0,3000.0
deck_main_beam_0013,deck_main_beam,平台主梁,ZJ8_DECK_MAIN,4,HM-220x220,P2_3000_41520:S2_12000_24000,double-side-cantilever,12000.0,2875.0,17000.0,15000.0,2875.0,17000.0,3000.0
deck_main_beam_0014,deck_main_beam,平台主梁,ZJ8_DECK_MAIN,4,HM-220x220,P2_3000_41520:S2_12000_24000,double-side-cantilever,15000.0,2875.0,17000.0,18000.0,2875.0,17000.0,3000.0
deck_main_beam_0015,deck_main_beam,平台主梁,ZJ8_DECK_MAIN,4,HM-220x220,P2_3000_41520:S2_12000_24000,double-side-cantilever,18000.0,2875.0,17000.0,21000.0,2875.0,17000.0,3000.0
deck_main_beam_0016,deck_main_beam,平台主梁,ZJ8_DECK_MAIN,4,HM-220x220,P2_3000_41520:S2_12000_24000,double-side-cantilever,21000.0,2875.0,17000.0,24000.0,2875.0,17000.0,3000.0
deck_cross_beam_0015,deck_cross_beam,横向梁,ZJ8_DECK_CROSS,4,HN-180x180,P2_3000_41520:S2_12000_24000,double-side-cantilever,15000.0,-2200.0,17000.0,15000.0,2700.0,17000.0,4900.0
deck_cross_beam_0016,deck_cross_beam,横向梁,ZJ8_DECK_CROSS,4,HN-180x180,P2_3000_41520:S2_12000_24000,double-side-cantilever,18000.0,-2200.0,17000.0,18000.0,2700.0,17000.0,4900.0
deck_cross_beam_0017,deck_cross_beam,横向梁,ZJ8_DECK_CROSS,4,HN-180x180,P2_3000_41520:S2_12000_24000,double-side-cantilever,21000.0,-2200.0,17000.0,21000.0,2700.0,17000.0,4900.0
deck_secondary_beam_0009,deck_secondary_beam,平台次梁,ZJ8_DECK_SECONDARY,3,HN-120x120,P2_3000_41520:S2_12000_24000,double-side-cantilever,12000.0,-1075.0,17000.0,15000.0,-1075.0,17000.0,3000.0
deck_secondary_beam_0010,deck_secondary_beam,平台次梁,ZJ8_DECK_SECONDARY,3,HN-120x120,P2_3000_41520:S2_12000_24000,double-side-cantilever,15000.0,-1075.0,17000.0,18000.0,-1075.0,17000.0,3000.0
deck_secondary_beam_0011,deck_secondary_beam,平台次梁,ZJ8_DECK_SECONDARY,3,HN-120x120,P2_3000_41520:S2_12000_24000,double-side-cantilever,18000.0,-1075.0,17000.0,21000.0,-1075.0,17000.0,3000.0
deck_secondary_beam_0012,deck_secondary_beam,平台次梁,ZJ8_DECK_SECONDARY,3,HN-120x120,P2_3000_41520:S2_12000_24000,double-side-cantilever,21000.0,-1075.0,17000.0,24000.0,-1075.0,17000.0,3000.0
deck_secondary_beam_0013,deck_secondary_beam,平台次梁,ZJ8_DECK_SECONDARY,3,HN-120x120,P2_3000_41520:S2_12000_24000,double-side-cantilever,12000.0,1075.0,17000.0,15000.0,1075.0,17000.0,3000.0
deck_secondary_beam_0014,deck_secondary_beam,平台次梁,ZJ8_DECK_SECONDARY,3,HN-120x120,P2_3000_41520:S2_12000_24000,double-side-cantilever,15000.0,1075.0,17000.0,18000.0,1075.0,17000.0,3000.0
deck_secondary_beam_0015,deck_secondary_beam,平台次梁,ZJ8_DECK_SECONDARY,3,HN-120x120,P2_3000_41520:S2_12000_24000,double-side-cantilever,18000.0,1075.0,17000.0,21000.0,1075.0,17000.0,3000.0
deck_secondary_beam_0016,deck_secondary_beam,平台次梁,ZJ8_DECK_SECONDARY,3,HN-120x120,P2_3000_41520:S2_12000_24000,double-side-cantilever,21000.0,1075.0,17000.0,24000.0,1075.0,17000.0,3000.0
cantilever_edge_beam_0011,cantilever_edge_beam,外挑边梁,ZJ8_CANTILEVER_EDGE,3,HN-120x120,P2_3000_41520:S2_12000_24000,double-side-cantilever,12000.0,-2200.0,17000.0,15000.0,-2200.0,17000.0,3000.0
cantilever_edge_beam_0012,cantilever_edge_beam,外挑边梁,ZJ8_CANTILEVER_EDGE,3,HN-120x120,P2_3000_41520:S2_12000_24000,double-side-cantilever,15000.0,-2200.0,17000.0,18000.0,-2200.0,17000.0,3000.0
cantilever_edge_beam_0013,cantilever_edge_beam,外挑边梁,ZJ8_CANTILEVER_EDGE,3,HN-120x120,P2_3000_41520:S2_12000_24000,double-side-cantilever,18000.0,-2200.0,17000.0,21000.0,-2200.0,17000.0,3000.0
cantilever_edge_beam_0014,cantilever_edge_beam,外挑边梁,ZJ8_CANTILEVER_EDGE,3,HN-120x120,P2_3000_41520:S2_12000_24000,double-side-cantilever,21000.0,-2200.0,17000.0,24000.0,-2200.0,17000.0,3000.0
cantilever_edge_beam_0015,cantilever_edge_beam,外挑边梁,ZJ8_CANTILEVER_EDGE,3,HN-120x120,P2_3000_41520:S2_12000_24000,double-side-cantilever,12000.0,2700.0,17000.0,15000.0,2700.0,17000.0,3000.0
cantilever_edge_beam_0016,cantilever_edge_beam,外挑边梁,ZJ8_CANTILEVER_EDGE,3,HN-120x120,P2_3000_41520:S2_12000_24000,double-side-cantilever,15000.0,2700.0,17000.0,18000.0,2700.0,17000.0,3000.0
cantilever_edge_beam_0017,cantilever_edge_beam,外挑边梁,ZJ8_CANTILEVER_EDGE,3,HN-120x120,P2_3000_41520:S2_12000_24000,double-side-cantilever,18000.0,2700.0,17000.0,21000.0,2700.0,17000.0,3000.0
cantilever_edge_beam_0018,cantilever_edge_beam,外挑边梁,ZJ8_CANTILEVER_EDGE,3,HN-120x120,P2_3000_41520:S2_12000_24000,double-side-cantilever,21000.0,2700.0,17000.0,24000.0,2700.0,17000.0,3000.0
platform_brace_0005,platform_brace,平台平面支撑,ZJ8_PLATFORM_BRACE,1,L90x90,P2_3000_41520:S2_12000_24000,alternating-x,12000.0,-2875.0,17000.0,15000.0,2875.0,17000.0,6485.560886
platform_brace_0006,platform_brace,平台平面支撑,ZJ8_PLATFORM_BRACE,1,L90x90,P2_3000_41520:S2_12000_24000,alternating-x,15000.0,2875.0,17000.0,18000.0,-2875.0,17000.0,6485.560886
platform_brace_0007,platform_brace,平台平面支撑,ZJ8_PLATFORM_BRACE,1,L90x90,P2_3000_41520:S2_12000_24000,alternating-x,18000.0,-2875.0,17000.0,21000.0,2875.0,17000.0,6485.560886
platform_brace_0008,platform_brace,平台平面支撑,ZJ8_PLATFORM_BRACE,1,L90x90,P2_3000_41520:S2_12000_24000,alternating-x,21000.0,2875.0,17000.0,24000.0,-2875.0,17000.0,6485.560886
deck_main_beam_0017,deck_main_beam,平台主梁,ZJ8_DECK_MAIN,4,HM-220x220,P2_3000_41520:S3_24000_36000,double-side-cantilever,24000.0,-2875.0,17000.0,27000.0,-2875.0,17000.0,3000.0
deck_main_beam_0018,deck_main_beam,平台主梁,ZJ8_DECK_MAIN,4,HM-220x220,P2_3000_41520:S3_24000_36000,double-side-cantilever,27000.0,-2875.0,17000.0,30000.0,-2875.0,17000.0,3000.0
deck_main_beam_0019,deck_main_beam,平台主梁,ZJ8_DECK_MAIN,4,HM-220x220,P2_3000_41520:S3_24000_36000,double-side-cantilever,30000.0,-2875.0,17000.0,33000.0,-2875.0,17000.0,3000.0
deck_main_beam_0020,deck_main_beam,平台主梁,ZJ8_DECK_MAIN,4,HM-220x220,P2_3000_41520:S3_24000_36000,double-side-cantilever,33000.0,-2875.0,17000.0,36000.0,-2875.0,17000.0,3000.0
deck_main_beam_0021,deck_main_beam,平台主梁,ZJ8_DECK_MAIN,4,HM-220x220,P2_3000_41520:S3_24000_36000,double-side-cantilever,24000.0,2875.0,17000.0,27000.0,2875.0,17000.0,3000.0
deck_main_beam_0022,deck_main_beam,平台主梁,ZJ8_DECK_MAIN,4,HM-220x220,P2_3000_41520:S3_24000_36000,double-side-cantilever,27000.0,2875.0,17000.0,30000.0,2875.0,17000.0,3000.0
deck_main_beam_0023,deck_main_beam,平台主梁,ZJ8_DECK_MAIN,4,HM-220x220,P2_3000_41520:S3_24000_36000,double-side-cantilever,30000.0,2875.0,17000.0,33000.0,2875.0,17000.0,3000.0
deck_main_beam_0024,deck_main_beam,平台主梁,ZJ8_DECK_MAIN,4,HM-220x220,P2_3000_41520:S3_24000_36000,double-side-cantilever,33000.0,2875.0,17000.0,36000.0,2875.0,17000.0,3000.0
deck_cross_beam_0018,deck_cross_beam,横向梁,ZJ8_DECK_CROSS,4,HN-180x180,P2_3000_41520:S3_24000_36000,double-side-cantilever,27000.0,-2200.0,17000.0,27000.0,2700.0,17000.0,4900.0
deck_cross_beam_0019,deck_cross_beam,横向梁,ZJ8_DECK_CROSS,4,HN-180x180,P2_3000_41520:S3_24000_36000,double-side-cantilever,30000.0,-2200.0,17000.0,30000.0,2700.0,17000.0,4900.0
deck_cross_beam_0020,deck_cross_beam,横向梁,ZJ8_DECK_CROSS,4,HN-180x180,P2_3000_41520:S3_24000_36000,double-side-cantilever,33000.0,-2200.0,17000.0,33000.0,2700.0,17000.0,4900.0
deck_secondary_beam_0017,deck_secondary_beam,平台次梁,ZJ8_DECK_SECONDARY,3,HN-120x120,P2_3000_41520:S3_24000_36000,double-side-cantilever,24000.0,-1075.0,17000.0,27000.0,-1075.0,17000.0,3000.0
deck_secondary_beam_0018,deck_secondary_beam,平台次梁,ZJ8_DECK_SECONDARY,3,HN-120x120,P2_3000_41520:S3_24000_36000,double-side-cantilever,27000.0,-1075.0,17000.0,30000.0,-1075.0,17000.0,3000.0
deck_secondary_beam_0019,deck_secondary_beam,平台次梁,ZJ8_DECK_SECONDARY,3,HN-120x120,P2_3000_41520:S3_24000_36000,double-side-cantilever,30000.0,-1075.0,17000.0,33000.0,-1075.0,17000.0,3000.0
deck_secondary_beam_0020,deck_secondary_beam,平台次梁,ZJ8_DECK_SECONDARY,3,HN-120x120,P2_3000_41520:S3_24000_36000,double-side-cantilever,33000.0,-1075.0,17000.0,36000.0,-1075.0,17000.0,3000.0
deck_secondary_beam_0021,deck_secondary_beam,平台次梁,ZJ8_DECK_SECONDARY,3,HN-120x120,P2_3000_41520:S3_24000_36000,double-side-cantilever,24000.0,1075.0,17000.0,27000.0,1075.0,17000.0,3000.0
deck_secondary_beam_0022,deck_secondary_beam,平台次梁,ZJ8_DECK_SECONDARY,3,HN-120x120,P2_3000_41520:S3_24000_36000,double-side-cantilever,27000.0,1075.0,17000.0,30000.0,1075.0,17000.0,3000.0
deck_secondary_beam_0023,deck_secondary_beam,平台次梁,ZJ8_DECK_SECONDARY,3,HN-120x120,P2_3000_41520:S3_24000_36000,double-side-cantilever,30000.0,1075.0,17000.0,33000.0,1075.0,17000.0,3000.0
deck_secondary_beam_0024,deck_secondary_beam,平台次梁,ZJ8_DECK_SECONDARY,3,HN-120x120,P2_3000_41520:S3_24000_36000,double-side-cantilever,33000.0,1075.0,17000.0,36000.0,1075.0,17000.0,3000.0
cantilever_edge_beam_0019,cantilever_edge_beam,外挑边梁,ZJ8_CANTILEVER_EDGE,3,HN-120x120,P2_3000_41520:S3_24000_36000,double-side-cantilever,24000.0,-2200.0,17000.0,27000.0,-2200.0,17000.0,3000.0
cantilever_edge_beam_0020,cantilever_edge_beam,外挑边梁,ZJ8_CANTILEVER_EDGE,3,HN-120x120,P2_3000_41520:S3_24000_36000,double-side-cantilever,27000.0,-2200.0,17000.0,30000.0,-2200.0,17000.0,3000.0
cantilever_edge_beam_0021,cantilever_edge_beam,外挑边梁,ZJ8_CANTILEVER_EDGE,3,HN-120x120,P2_3000_41520:S3_24000_36000,double-side-cantilever,30000.0,-2200.0,17000.0,33000.0,-2200.0,17000.0,3000.0
cantilever_edge_beam_0022,cantilever_edge_beam,外挑边梁,ZJ8_CANTILEVER_EDGE,3,HN-120x120,P2_3000_41520:S3_24000_36000,double-side-cantilever,33000.0,-2200.0,17000.0,36000.0,-2200.0,17000.0,3000.0
cantilever_edge_beam_0023,cantilever_edge_beam,外挑边梁,ZJ8_CANTILEVER_EDGE,3,HN-120x120,P2_3000_41520:S3_24000_36000,double-side-cantilever,24000.0,2700.0,17000.0,27000.0,2700.0,17000.0,3000.0
cantilever_edge_beam_0024,cantilever_edge_beam,外挑边梁,ZJ8_CANTILEVER_EDGE,3,HN-120x120,P2_3000_41520:S3_24000_36000,double-side-cantilever,27000.0,2700.0,17000.0,30000.0,2700.0,17000.0,3000.0
cantilever_edge_beam_0025,cantilever_edge_beam,外挑边梁,ZJ8_CANTILEVER_EDGE,3,HN-120x120,P2_3000_41520:S3_24000_36000,double-side-cantilever,30000.0,2700.0,17000.0,33000.0,2700.0,17000.0,3000.0
cantilever_edge_beam_0026,cantilever_edge_beam,外挑边梁,ZJ8_CANTILEVER_EDGE,3,HN-120x120,P2_3000_41520:S3_24000_36000,double-side-cantilever,33000.0,2700.0,17000.0,36000.0,2700.0,17000.0,3000.0
platform_brace_0009,platform_brace,平台平面支撑,ZJ8_PLATFORM_BRACE,1,L90x90,P2_3000_41520:S3_24000_36000,alternating-x,24000.0,-2875.0,17000.0,27000.0,2875.0,17000.0,6485.560886
platform_brace_0010,platform_brace,平台平面支撑,ZJ8_PLATFORM_BRACE,1,L90x90,P2_3000_41520:S3_24000_36000,alternating-x,27000.0,2875.0,17000.0,30000.0,-2875.0,17000.0,6485.560886
platform_brace_0011,platform_brace,平台平面支撑,ZJ8_PLATFORM_BRACE,1,L90x90,P2_3000_41520:S3_24000_36000,alternating-x,30000.0,-2875.0,17000.0,33000.0,2875.0,17000.0,6485.560886
platform_brace_0012,platform_brace,平台平面支撑,ZJ8_PLATFORM_BRACE,1,L90x90,P2_3000_41520:S3_24000_36000,alternating-x,33000.0,2875.0,17000.0,36000.0,-2875.0,17000.0,6485.560886
deck_main_beam_0025,deck_main_beam,平台主梁,ZJ8_DECK_MAIN,4,HM-220x220,P2_3000_41520:S4_36000_39000,double-side-cantilever,36000.0,-2875.0,17000.0,39000.0,-2875.0,17000.0,3000.0
deck_main_beam_0026,deck_main_beam,平台主梁,ZJ8_DECK_MAIN,4,HM-220x220,P2_3000_41520:S4_36000_39000,double-side-cantilever,36000.0,2875.0,17000.0,39000.0,2875.0,17000.0,3000.0
deck_secondary_beam_0025,deck_secondary_beam,平台次梁,ZJ8_DECK_SECONDARY,3,HN-120x120,P2_3000_41520:S4_36000_39000,double-side-cantilever,36000.0,-1075.0,17000.0,39000.0,-1075.0,17000.0,3000.0
deck_secondary_beam_0026,deck_secondary_beam,平台次梁,ZJ8_DECK_SECONDARY,3,HN-120x120,P2_3000_41520:S4_36000_39000,double-side-cantilever,36000.0,1075.0,17000.0,39000.0,1075.0,17000.0,3000.0
cantilever_edge_beam_0027,cantilever_edge_beam,外挑边梁,ZJ8_CANTILEVER_EDGE,3,HN-120x120,P2_3000_41520:S4_36000_39000,double-side-cantilever,36000.0,-2200.0,17000.0,39000.0,-2200.0,17000.0,3000.0
cantilever_edge_beam_0028,cantilever_edge_beam,外挑边梁,ZJ8_CANTILEVER_EDGE,3,HN-120x120,P2_3000_41520:S4_36000_39000,double-side-cantilever,36000.0,2700.0,17000.0,39000.0,2700.0,17000.0,3000.0
platform_brace_0013,platform_brace,平台平面支撑,ZJ8_PLATFORM_BRACE,1,L90x90,P2_3000_41520:S4_36000_39000,alternating-x,36000.0,-2875.0,17000.0,39000.0,2875.0,17000.0,6485.560886
longitudinal_support_brace_0001,longitudinal_support_brace,固定支架纵向支撑,ZJ8_LONGITUDINAL_BRACE,1,L90x90,P2_3000_41520:S4_36000_39000,alternating-x,36000.0,-2875.0,0.0,39000.0,-2875.0,17000.0,17262.676502
longitudinal_support_brace_0002,longitudinal_support_brace,固定支架纵向支撑,ZJ8_LONGITUDINAL_BRACE,1,L90x90,P2_3000_41520:S4_36000_39000,alternating-x,36000.0,2875.0,0.0,39000.0,2875.0,17000.0,17262.676502
deck_main_beam_0027,deck_main_beam,平台主梁,ZJ8_DECK_MAIN,4,HM-220x220,P3_41520_83520:S5_39000_59520,double-side-cantilever,39000.0,-2875.0,17000.0,41931.428571,-2875.0,17000.0,2931.428571
deck_main_beam_0028,deck_main_beam,平台主梁,ZJ8_DECK_MAIN,4,HM-220x220,P3_41520_83520:S5_39000_59520,double-side-cantilever,41931.428571,-2875.0,17000.0,44862.857143,-2875.0,17000.0,2931.428571
deck_main_beam_0029,deck_main_beam,平台主梁,ZJ8_DECK_MAIN,4,HM-220x220,P3_41520_83520:S5_39000_59520,double-side-cantilever,44862.857143,-2875.0,17000.0,47794.285714,-2875.0,17000.0,2931.428571
deck_main_beam_0030,deck_main_beam,平台主梁,ZJ8_DECK_MAIN,4,HM-220x220,P3_41520_83520:S5_39000_59520,double-side-cantilever,47794.285714,-2875.0,17000.0,50725.714286,-2875.0,17000.0,2931.428571
deck_main_beam_0031,deck_main_beam,平台主梁,ZJ8_DECK_MAIN,4,HM-220x220,P3_41520_83520:S5_39000_59520,double-side-cantilever,50725.714286,-2875.0,17000.0,53657.142857,-2875.0,17000.0,2931.428571
deck_main_beam_0032,deck_main_beam,平台主梁,ZJ8_DECK_MAIN,4,HM-220x220,P3_41520_83520:S5_39000_59520,double-side-cantilever,53657.142857,-2875.0,17000.0,56588.571429,-2875.0,17000.0,2931.428571
deck_main_beam_0033,deck_main_beam,平台主梁,ZJ8_DECK_MAIN,4,HM-220x220,P3_41520_83520:S5_39000_59520,double-side-cantilever,56588.571429,-2875.0,17000.0,59520.0,-2875.0,17000.0,2931.428571
deck_main_beam_0034,deck_main_beam,平台主梁,ZJ8_DECK_MAIN,4,HM-220x220,P3_41520_83520:S5_39000_59520,double-side-cantilever,39000.0,2875.0,17000.0,41931.428571,2875.0,17000.0,2931.428571
deck_main_beam_0035,deck_main_beam,平台主梁,ZJ8_DECK_MAIN,4,HM-220x220,P3_41520_83520:S5_39000_59520,double-side-cantilever,41931.428571,2875.0,17000.0,44862.857143,2875.0,17000.0,2931.428571
deck_main_beam_0036,deck_main_beam,平台主梁,ZJ8_DECK_MAIN,4,HM-220x220,P3_41520_83520:S5_39000_59520,double-side-cantilever,44862.857143,2875.0,17000.0,47794.285714,2875.0,17000.0,2931.428571
deck_main_beam_0037,deck_main_beam,平台主梁,ZJ8_DECK_MAIN,4,HM-220x220,P3_41520_83520:S5_39000_59520,double-side-cantilever,47794.285714,2875.0,17000.0,50725.714286,2875.0,17000.0,2931.428571
deck_main_beam_0038,deck_main_beam,平台主梁,ZJ8_DECK_MAIN,4,HM-220x220,P3_41520_83520:S5_39000_59520,double-side-cantilever,50725.714286,2875.0,17000.0,53657.142857,2875.0,17000.0,2931.428571
deck_main_beam_0039,deck_main_beam,平台主梁,ZJ8_DECK_MAIN,4,HM-220x220,P3_41520_83520:S5_39000_59520,double-side-cantilever,53657.142857,2875.0,17000.0,56588.571429,2875.0,17000.0,2931.428571
deck_main_beam_0040,deck_main_beam,平台主梁,ZJ8_DECK_MAIN,4,HM-220x220,P3_41520_83520:S5_39000_59520,double-side-cantilever,56588.571429,2875.0,17000.0,59520.0,2875.0,17000.0,2931.428571
deck_cross_beam_0021,deck_cross_beam,横向梁,ZJ8_DECK_CROSS,4,HN-180x180,P3_41520_83520:S5_39000_59520,double-side-cantilever,41931.428571,-2200.0,17000.0,41931.428571,2700.0,17000.0,4900.0
deck_cross_beam_0022,deck_cross_beam,横向梁,ZJ8_DECK_CROSS,4,HN-180x180,P3_41520_83520:S5_39000_59520,double-side-cantilever,44862.857143,-2200.0,17000.0,44862.857143,2700.0,17000.0,4900.0
deck_cross_beam_0023,deck_cross_beam,横向梁,ZJ8_DECK_CROSS,4,HN-180x180,P3_41520_83520:S5_39000_59520,double-side-cantilever,47794.285714,-2200.0,17000.0,47794.285714,2700.0,17000.0,4900.0
deck_cross_beam_0024,deck_cross_beam,横向梁,ZJ8_DECK_CROSS,4,HN-180x180,P3_41520_83520:S5_39000_59520,double-side-cantilever,50725.714286,-2200.0,17000.0,50725.714286,2700.0,17000.0,4900.0
deck_cross_beam_0025,deck_cross_beam,横向梁,ZJ8_DECK_CROSS,4,HN-180x180,P3_41520_83520:S5_39000_59520,double-side-cantilever,53657.142857,-2200.0,17000.0,53657.142857,2700.0,17000.0,4900.0
deck_cross_beam_0026,deck_cross_beam,横向梁,ZJ8_DECK_CROSS,4,HN-180x180,P3_41520_83520:S5_39000_59520,double-side-cantilever,56588.571429,-2200.0,17000.0,56588.571429,2700.0,17000.0,4900.0
deck_secondary_beam_0027,deck_secondary_beam,平台次梁,ZJ8_DECK_SECONDARY,3,HN-120x120,P3_41520_83520:S5_39000_59520,double-side-cantilever,39000.0,-1075.0,17000.0,41931.428571,-1075.0,17000.0,2931.428571
deck_secondary_beam_0028,deck_secondary_beam,平台次梁,ZJ8_DECK_SECONDARY,3,HN-120x120,P3_41520_83520:S5_39000_59520,double-side-cantilever,41931.428571,-1075.0,17000.0,44862.857143,-1075.0,17000.0,2931.428571
deck_secondary_beam_0029,deck_secondary_beam,平台次梁,ZJ8_DECK_SECONDARY,3,HN-120x120,P3_41520_83520:S5_39000_59520,double-side-cantilever,44862.857143,-1075.0,17000.0,47794.285714,-1075.0,17000.0,2931.428571
deck_secondary_beam_0030,deck_secondary_beam,平台次梁,ZJ8_DECK_SECONDARY,3,HN-120x120,P3_41520_83520:S5_39000_59520,double-side-cantilever,47794.285714,-1075.0,17000.0,50725.714286,-1075.0,17000.0,2931.428571
deck_secondary_beam_0031,deck_secondary_beam,平台次梁,ZJ8_DECK_SECONDARY,3,HN-120x120,P3_41520_83520:S5_39000_59520,double-side-cantilever,50725.714286,-1075.0,17000.0,53657.142857,-1075.0,17000.0,2931.428571
deck_secondary_beam_0032,deck_secondary_beam,平台次梁,ZJ8_DECK_SECONDARY,3,HN-120x120,P3_41520_83520:S5_39000_59520,double-side-cantilever,53657.142857,-1075.0,17000.0,56588.571429,-1075.0,17000.0,2931.428571
deck_secondary_beam_0033,deck_secondary_beam,平台次梁,ZJ8_DECK_SECONDARY,3,HN-120x120,P3_41520_83520:S5_39000_59520,double-side-cantilever,56588.571429,-1075.0,17000.0,59520.0,-1075.0,17000.0,2931.428571
deck_secondary_beam_0034,deck_secondary_beam,平台次梁,ZJ8_DECK_SECONDARY,3,HN-120x120,P3_41520_83520:S5_39000_59520,double-side-cantilever,39000.0,1075.0,17000.0,41931.428571,1075.0,17000.0,2931.428571
deck_secondary_beam_0035,deck_secondary_beam,平台次梁,ZJ8_DECK_SECONDARY,3,HN-120x120,P3_41520_83520:S5_39000_59520,double-side-cantilever,41931.428571,1075.0,17000.0,44862.857143,1075.0,17000.0,2931.428571
deck_secondary_beam_0036,deck_secondary_beam,平台次梁,ZJ8_DECK_SECONDARY,3,HN-120x120,P3_41520_83520:S5_39000_59520,double-side-cantilever,44862.857143,1075.0,17000.0,47794.285714,1075.0,17000.0,2931.428571
deck_secondary_beam_0037,deck_secondary_beam,平台次梁,ZJ8_DECK_SECONDARY,3,HN-120x120,P3_41520_83520:S5_39000_59520,double-side-cantilever,47794.285714,1075.0,17000.0,50725.714286,1075.0,17000.0,2931.428571
deck_secondary_beam_0038,deck_secondary_beam,平台次梁,ZJ8_DECK_SECONDARY,3,HN-120x120,P3_41520_83520:S5_39000_59520,double-side-cantilever,50725.714286,1075.0,17000.0,53657.142857,1075.0,17000.0,2931.428571
deck_secondary_beam_0039,deck_secondary_beam,平台次梁,ZJ8_DECK_SECONDARY,3,HN-120x120,P3_41520_83520:S5_39000_59520,double-side-cantilever,53657.142857,1075.0,17000.0,56588.571429,1075.0,17000.0,2931.428571
deck_secondary_beam_0040,deck_secondary_beam,平台次梁,ZJ8_DECK_SECONDARY,3,HN-120x120,P3_41520_83520:S5_39000_59520,double-side-cantilever,56588.571429,1075.0,17000.0,59520.0,1075.0,17000.0,2931.428571
cantilever_edge_beam_0029,cantilever_edge_beam,外挑边梁,ZJ8_CANTILEVER_EDGE,3,HN-120x120,P3_41520_83520:S5_39000_59520,double-side-cantilever,39000.0,-2200.0,17000.0,41931.428571,-2200.0,17000.0,2931.428571
cantilever_edge_beam_0030,cantilever_edge_beam,外挑边梁,ZJ8_CANTILEVER_EDGE,3,HN-120x120,P3_41520_83520:S5_39000_59520,double-side-cantilever,41931.428571,-2200.0,17000.0,44862.857143,-2200.0,17000.0,2931.428571
cantilever_edge_beam_0031,cantilever_edge_beam,外挑边梁,ZJ8_CANTILEVER_EDGE,3,HN-120x120,P3_41520_83520:S5_39000_59520,double-side-cantilever,44862.857143,-2200.0,17000.0,47794.285714,-2200.0,17000.0,2931.428571
cantilever_edge_beam_0032,cantilever_edge_beam,外挑边梁,ZJ8_CANTILEVER_EDGE,3,HN-120x120,P3_41520_83520:S5_39000_59520,double-side-cantilever,47794.285714,-2200.0,17000.0,50725.714286,-2200.0,17000.0,2931.428571
cantilever_edge_beam_0033,cantilever_edge_beam,外挑边梁,ZJ8_CANTILEVER_EDGE,3,HN-120x120,P3_41520_83520:S5_39000_59520,double-side-cantilever,50725.714286,-2200.0,17000.0,53657.142857,-2200.0,17000.0,2931.428571
cantilever_edge_beam_0034,cantilever_edge_beam,外挑边梁,ZJ8_CANTILEVER_EDGE,3,HN-120x120,P3_41520_83520:S5_39000_59520,double-side-cantilever,53657.142857,-2200.0,17000.0,56588.571429,-2200.0,17000.0,2931.428571
cantilever_edge_beam_0035,cantilever_edge_beam,外挑边梁,ZJ8_CANTILEVER_EDGE,3,HN-120x120,P3_41520_83520:S5_39000_59520,double-side-cantilever,56588.571429,-2200.0,17000.0,59520.0,-2200.0,17000.0,2931.428571
cantilever_edge_beam_0036,cantilever_edge_beam,外挑边梁,ZJ8_CANTILEVER_EDGE,3,HN-120x120,P3_41520_83520:S5_39000_59520,double-side-cantilever,39000.0,2700.0,17000.0,41931.428571,2700.0,17000.0,2931.428571
cantilever_edge_beam_0037,cantilever_edge_beam,外挑边梁,ZJ8_CANTILEVER_EDGE,3,HN-120x120,P3_41520_83520:S5_39000_59520,double-side-cantilever,41931.428571,2700.0,17000.0,44862.857143,2700.0,17000.0,2931.428571
cantilever_edge_beam_0038,cantilever_edge_beam,外挑边梁,ZJ8_CANTILEVER_EDGE,3,HN-120x120,P3_41520_83520:S5_39000_59520,double-side-cantilever,44862.857143,2700.0,17000.0,47794.285714,2700.0,17000.0,2931.428571
cantilever_edge_beam_0039,cantilever_edge_beam,外挑边梁,ZJ8_CANTILEVER_EDGE,3,HN-120x120,P3_41520_83520:S5_39000_59520,double-side-cantilever,47794.285714,2700.0,17000.0,50725.714286,2700.0,17000.0,2931.428571
cantilever_edge_beam_0040,cantilever_edge_beam,外挑边梁,ZJ8_CANTILEVER_EDGE,3,HN-120x120,P3_41520_83520:S5_39000_59520,double-side-cantilever,50725.714286,2700.0,17000.0,53657.142857,2700.0,17000.0,2931.428571
cantilever_edge_beam_0041,cantilever_edge_beam,外挑边梁,ZJ8_CANTILEVER_EDGE,3,HN-120x120,P3_41520_83520:S5_39000_59520,double-side-cantilever,53657.142857,2700.0,17000.0,56588.571429,2700.0,17000.0,2931.428571
cantilever_edge_beam_0042,cantilever_edge_beam,外挑边梁,ZJ8_CANTILEVER_EDGE,3,HN-120x120,P3_41520_83520:S5_39000_59520,double-side-cantilever,56588.571429,2700.0,17000.0,59520.0,2700.0,17000.0,2931.428571
platform_brace_0014,platform_brace,平台平面支撑,ZJ8_PLATFORM_BRACE,1,L90x90,P3_41520_83520:S5_39000_59520,alternating-x,39000.0,-2875.0,17000.0,41931.428571,2875.0,17000.0,6454.128405
platform_brace_0015,platform_brace,平台平面支撑,ZJ8_PLATFORM_BRACE,1,L90x90,P3_41520_83520:S5_39000_59520,alternating-x,41931.428571,2875.0,17000.0,44862.857143,-2875.0,17000.0,6454.128405
platform_brace_0016,platform_brace,平台平面支撑,ZJ8_PLATFORM_BRACE,1,L90x90,P3_41520_83520:S5_39000_59520,alternating-x,44862.857143,-2875.0,17000.0,47794.285714,2875.0,17000.0,6454.128405
platform_brace_0017,platform_brace,平台平面支撑,ZJ8_PLATFORM_BRACE,1,L90x90,P3_41520_83520:S5_39000_59520,alternating-x,47794.285714,2875.0,17000.0,50725.714286,-2875.0,17000.0,6454.128405
platform_brace_0018,platform_brace,平台平面支撑,ZJ8_PLATFORM_BRACE,1,L90x90,P3_41520_83520:S5_39000_59520,alternating-x,50725.714286,-2875.0,17000.0,53657.142857,2875.0,17000.0,6454.128405
platform_brace_0019,platform_brace,平台平面支撑,ZJ8_PLATFORM_BRACE,1,L90x90,P3_41520_83520:S5_39000_59520,alternating-x,53657.142857,2875.0,17000.0,56588.571429,-2875.0,17000.0,6454.128405
platform_brace_0020,platform_brace,平台平面支撑,ZJ8_PLATFORM_BRACE,1,L90x90,P3_41520_83520:S5_39000_59520,alternating-x,56588.571429,-2875.0,17000.0,59520.0,2875.0,17000.0,6454.128405
truss_upper_chord_0001,truss_upper_chord,桁架上弦,ZJ8_TRUSS_UPPER,5,HN-180x180,P3_41520_83520:S5_39000_59520,warren-with-verticals,39000.0,-2875.0,17000.0,40865.454545,-2875.0,17000.0,1865.454545
truss_upper_chord_0002,truss_upper_chord,桁架上弦,ZJ8_TRUSS_UPPER,5,HN-180x180,P3_41520_83520:S5_39000_59520,warren-with-verticals,40865.454545,-2875.0,17000.0,42730.909091,-2875.0,17000.0,1865.454545
truss_upper_chord_0003,truss_upper_chord,桁架上弦,ZJ8_TRUSS_UPPER,5,HN-180x180,P3_41520_83520:S5_39000_59520,warren-with-verticals,42730.909091,-2875.0,17000.0,44596.363636,-2875.0,17000.0,1865.454545
truss_upper_chord_0004,truss_upper_chord,桁架上弦,ZJ8_TRUSS_UPPER,5,HN-180x180,P3_41520_83520:S5_39000_59520,warren-with-verticals,44596.363636,-2875.0,17000.0,46461.818182,-2875.0,17000.0,1865.454545
truss_upper_chord_0005,truss_upper_chord,桁架上弦,ZJ8_TRUSS_UPPER,5,HN-180x180,P3_41520_83520:S5_39000_59520,warren-with-verticals,46461.818182,-2875.0,17000.0,48327.272727,-2875.0,17000.0,1865.454545
truss_upper_chord_0006,truss_upper_chord,桁架上弦,ZJ8_TRUSS_UPPER,5,HN-180x180,P3_41520_83520:S5_39000_59520,warren-with-verticals,48327.272727,-2875.0,17000.0,50192.727273,-2875.0,17000.0,1865.454545
truss_upper_chord_0007,truss_upper_chord,桁架上弦,ZJ8_TRUSS_UPPER,5,HN-180x180,P3_41520_83520:S5_39000_59520,warren-with-verticals,50192.727273,-2875.0,17000.0,52058.181818,-2875.0,17000.0,1865.454545
truss_upper_chord_0008,truss_upper_chord,桁架上弦,ZJ8_TRUSS_UPPER,5,HN-180x180,P3_41520_83520:S5_39000_59520,warren-with-verticals,52058.181818,-2875.0,17000.0,53923.636364,-2875.0,17000.0,1865.454545
truss_upper_chord_0009,truss_upper_chord,桁架上弦,ZJ8_TRUSS_UPPER,5,HN-180x180,P3_41520_83520:S5_39000_59520,warren-with-verticals,53923.636364,-2875.0,17000.0,55789.090909,-2875.0,17000.0,1865.454545
truss_upper_chord_0010,truss_upper_chord,桁架上弦,ZJ8_TRUSS_UPPER,5,HN-180x180,P3_41520_83520:S5_39000_59520,warren-with-verticals,55789.090909,-2875.0,17000.0,57654.545455,-2875.0,17000.0,1865.454545
truss_upper_chord_0011,truss_upper_chord,桁架上弦,ZJ8_TRUSS_UPPER,5,HN-180x180,P3_41520_83520:S5_39000_59520,warren-with-verticals,57654.545455,-2875.0,17000.0,59520.0,-2875.0,17000.0,1865.454545
truss_lower_chord_0001,truss_lower_chord,桁架下弦,ZJ8_TRUSS_LOWER,5,HN-180x180,P3_41520_83520:S5_39000_59520,warren-with-verticals,39000.0,-2875.0,15200.0,40865.454545,-2875.0,15200.0,1865.454545
truss_lower_chord_0002,truss_lower_chord,桁架下弦,ZJ8_TRUSS_LOWER,5,HN-180x180,P3_41520_83520:S5_39000_59520,warren-with-verticals,40865.454545,-2875.0,15200.0,42730.909091,-2875.0,15200.0,1865.454545
truss_lower_chord_0003,truss_lower_chord,桁架下弦,ZJ8_TRUSS_LOWER,5,HN-180x180,P3_41520_83520:S5_39000_59520,warren-with-verticals,42730.909091,-2875.0,15200.0,44596.363636,-2875.0,15200.0,1865.454545
truss_lower_chord_0004,truss_lower_chord,桁架下弦,ZJ8_TRUSS_LOWER,5,HN-180x180,P3_41520_83520:S5_39000_59520,warren-with-verticals,44596.363636,-2875.0,15200.0,46461.818182,-2875.0,15200.0,1865.454545
truss_lower_chord_0005,truss_lower_chord,桁架下弦,ZJ8_TRUSS_LOWER,5,HN-180x180,P3_41520_83520:S5_39000_59520,warren-with-verticals,46461.818182,-2875.0,15200.0,48327.272727,-2875.0,15200.0,1865.454545
truss_lower_chord_0006,truss_lower_chord,桁架下弦,ZJ8_TRUSS_LOWER,5,HN-180x180,P3_41520_83520:S5_39000_59520,warren-with-verticals,48327.272727,-2875.0,15200.0,50192.727273,-2875.0,15200.0,1865.454545
truss_lower_chord_0007,truss_lower_chord,桁架下弦,ZJ8_TRUSS_LOWER,5,HN-180x180,P3_41520_83520:S5_39000_59520,warren-with-verticals,50192.727273,-2875.0,15200.0,52058.181818,-2875.0,15200.0,1865.454545
truss_lower_chord_0008,truss_lower_chord,桁架下弦,ZJ8_TRUSS_LOWER,5,HN-180x180,P3_41520_83520:S5_39000_59520,warren-with-verticals,52058.181818,-2875.0,15200.0,53923.636364,-2875.0,15200.0,1865.454545
truss_lower_chord_0009,truss_lower_chord,桁架下弦,ZJ8_TRUSS_LOWER,5,HN-180x180,P3_41520_83520:S5_39000_59520,warren-with-verticals,53923.636364,-2875.0,15200.0,55789.090909,-2875.0,15200.0,1865.454545
truss_lower_chord_0010,truss_lower_chord,桁架下弦,ZJ8_TRUSS_LOWER,5,HN-180x180,P3_41520_83520:S5_39000_59520,warren-with-verticals,55789.090909,-2875.0,15200.0,57654.545455,-2875.0,15200.0,1865.454545
truss_lower_chord_0011,truss_lower_chord,桁架下弦,ZJ8_TRUSS_LOWER,5,HN-180x180,P3_41520_83520:S5_39000_59520,warren-with-verticals,57654.545455,-2875.0,15200.0,59520.0,-2875.0,15200.0,1865.454545
truss_vertical_0001,truss_vertical,桁架竖腹杆,ZJ8_TRUSS_VERTICAL,5,L90x90,P3_41520_83520:S5_39000_59520,warren-with-verticals,39000.0,-2875.0,17000.0,39000.0,-2875.0,15200.0,1800.0
truss_vertical_0002,truss_vertical,桁架竖腹杆,ZJ8_TRUSS_VERTICAL,5,L90x90,P3_41520_83520:S5_39000_59520,warren-with-verticals,40865.454545,-2875.0,17000.0,40865.454545,-2875.0,15200.0,1800.0
truss_vertical_0003,truss_vertical,桁架竖腹杆,ZJ8_TRUSS_VERTICAL,5,L90x90,P3_41520_83520:S5_39000_59520,warren-with-verticals,42730.909091,-2875.0,17000.0,42730.909091,-2875.0,15200.0,1800.0
truss_vertical_0004,truss_vertical,桁架竖腹杆,ZJ8_TRUSS_VERTICAL,5,L90x90,P3_41520_83520:S5_39000_59520,warren-with-verticals,44596.363636,-2875.0,17000.0,44596.363636,-2875.0,15200.0,1800.0
truss_vertical_0005,truss_vertical,桁架竖腹杆,ZJ8_TRUSS_VERTICAL,5,L90x90,P3_41520_83520:S5_39000_59520,warren-with-verticals,46461.818182,-2875.0,17000.0,46461.818182,-2875.0,15200.0,1800.0
truss_vertical_0006,truss_vertical,桁架竖腹杆,ZJ8_TRUSS_VERTICAL,5,L90x90,P3_41520_83520:S5_39000_59520,warren-with-verticals,48327.272727,-2875.0,17000.0,48327.272727,-2875.0,15200.0,1800.0
truss_vertical_0007,truss_vertical,桁架竖腹杆,ZJ8_TRUSS_VERTICAL,5,L90x90,P3_41520_83520:S5_39000_59520,warren-with-verticals,50192.727273,-2875.0,17000.0,50192.727273,-2875.0,15200.0,1800.0
truss_vertical_0008,truss_vertical,桁架竖腹杆,ZJ8_TRUSS_VERTICAL,5,L90x90,P3_41520_83520:S5_39000_59520,warren-with-verticals,52058.181818,-2875.0,17000.0,52058.181818,-2875.0,15200.0,1800.0
truss_vertical_0009,truss_vertical,桁架竖腹杆,ZJ8_TRUSS_VERTICAL,5,L90x90,P3_41520_83520:S5_39000_59520,warren-with-verticals,53923.636364,-2875.0,17000.0,53923.636364,-2875.0,15200.0,1800.0
truss_vertical_0010,truss_vertical,桁架竖腹杆,ZJ8_TRUSS_VERTICAL,5,L90x90,P3_41520_83520:S5_39000_59520,warren-with-verticals,55789.090909,-2875.0,17000.0,55789.090909,-2875.0,15200.0,1800.0
truss_vertical_0011,truss_vertical,桁架竖腹杆,ZJ8_TRUSS_VERTICAL,5,L90x90,P3_41520_83520:S5_39000_59520,warren-with-verticals,57654.545455,-2875.0,17000.0,57654.545455,-2875.0,15200.0,1800.0
truss_vertical_0012,truss_vertical,桁架竖腹杆,ZJ8_TRUSS_VERTICAL,5,L90x90,P3_41520_83520:S5_39000_59520,warren-with-verticals,59520.0,-2875.0,17000.0,59520.0,-2875.0,15200.0,1800.0
truss_diagonal_0001,truss_diagonal,桁架斜腹杆,ZJ8_TRUSS_DIAGONAL,5,L90x90,P3_41520_83520:S5_39000_59520,warren-with-verticals,39000.0,-2875.0,15200.0,40865.454545,-2875.0,17000.0,2592.280977
truss_diagonal_0002,truss_diagonal,桁架斜腹杆,ZJ8_TRUSS_DIAGONAL,5,L90x90,P3_41520_83520:S5_39000_59520,warren-with-verticals,40865.454545,-2875.0,17000.0,42730.909091,-2875.0,15200.0,2592.280977
truss_diagonal_0003,truss_diagonal,桁架斜腹杆,ZJ8_TRUSS_DIAGONAL,5,L90x90,P3_41520_83520:S5_39000_59520,warren-with-verticals,42730.909091,-2875.0,15200.0,44596.363636,-2875.0,17000.0,2592.280977
truss_diagonal_0004,truss_diagonal,桁架斜腹杆,ZJ8_TRUSS_DIAGONAL,5,L90x90,P3_41520_83520:S5_39000_59520,warren-with-verticals,44596.363636,-2875.0,17000.0,46461.818182,-2875.0,15200.0,2592.280977
truss_diagonal_0005,truss_diagonal,桁架斜腹杆,ZJ8_TRUSS_DIAGONAL,5,L90x90,P3_41520_83520:S5_39000_59520,warren-with-verticals,46461.818182,-2875.0,15200.0,48327.272727,-2875.0,17000.0,2592.280977
truss_diagonal_0006,truss_diagonal,桁架斜腹杆,ZJ8_TRUSS_DIAGONAL,5,L90x90,P3_41520_83520:S5_39000_59520,warren-with-verticals,48327.272727,-2875.0,17000.0,50192.727273,-2875.0,15200.0,2592.280977
truss_diagonal_0007,truss_diagonal,桁架斜腹杆,ZJ8_TRUSS_DIAGONAL,5,L90x90,P3_41520_83520:S5_39000_59520,warren-with-verticals,50192.727273,-2875.0,15200.0,52058.181818,-2875.0,17000.0,2592.280977
truss_diagonal_0008,truss_diagonal,桁架斜腹杆,ZJ8_TRUSS_DIAGONAL,5,L90x90,P3_41520_83520:S5_39000_59520,warren-with-verticals,52058.181818,-2875.0,17000.0,53923.636364,-2875.0,15200.0,2592.280977
truss_diagonal_0009,truss_diagonal,桁架斜腹杆,ZJ8_TRUSS_DIAGONAL,5,L90x90,P3_41520_83520:S5_39000_59520,warren-with-verticals,53923.636364,-2875.0,15200.0,55789.090909,-2875.0,17000.0,2592.280977
truss_diagonal_0010,truss_diagonal,桁架斜腹杆,ZJ8_TRUSS_DIAGONAL,5,L90x90,P3_41520_83520:S5_39000_59520,warren-with-verticals,55789.090909,-2875.0,17000.0,57654.545455,-2875.0,15200.0,2592.280977
truss_diagonal_0011,truss_diagonal,桁架斜腹杆,ZJ8_TRUSS_DIAGONAL,5,L90x90,P3_41520_83520:S5_39000_59520,warren-with-verticals,57654.545455,-2875.0,15200.0,59520.0,-2875.0,17000.0,2592.280977
truss_upper_chord_0012,truss_upper_chord,桁架上弦,ZJ8_TRUSS_UPPER,5,HN-180x180,P3_41520_83520:S5_39000_59520,warren-with-verticals,39000.0,2875.0,17000.0,40865.454545,2875.0,17000.0,1865.454545
truss_upper_chord_0013,truss_upper_chord,桁架上弦,ZJ8_TRUSS_UPPER,5,HN-180x180,P3_41520_83520:S5_39000_59520,warren-with-verticals,40865.454545,2875.0,17000.0,42730.909091,2875.0,17000.0,1865.454545
truss_upper_chord_0014,truss_upper_chord,桁架上弦,ZJ8_TRUSS_UPPER,5,HN-180x180,P3_41520_83520:S5_39000_59520,warren-with-verticals,42730.909091,2875.0,17000.0,44596.363636,2875.0,17000.0,1865.454545
truss_upper_chord_0015,truss_upper_chord,桁架上弦,ZJ8_TRUSS_UPPER,5,HN-180x180,P3_41520_83520:S5_39000_59520,warren-with-verticals,44596.363636,2875.0,17000.0,46461.818182,2875.0,17000.0,1865.454545
truss_upper_chord_0016,truss_upper_chord,桁架上弦,ZJ8_TRUSS_UPPER,5,HN-180x180,P3_41520_83520:S5_39000_59520,warren-with-verticals,46461.818182,2875.0,17000.0,48327.272727,2875.0,17000.0,1865.454545
truss_upper_chord_0017,truss_upper_chord,桁架上弦,ZJ8_TRUSS_UPPER,5,HN-180x180,P3_41520_83520:S5_39000_59520,warren-with-verticals,48327.272727,2875.0,17000.0,50192.727273,2875.0,17000.0,1865.454545
truss_upper_chord_0018,truss_upper_chord,桁架上弦,ZJ8_TRUSS_UPPER,5,HN-180x180,P3_41520_83520:S5_39000_59520,warren-with-verticals,50192.727273,2875.0,17000.0,52058.181818,2875.0,17000.0,1865.454545
truss_upper_chord_0019,truss_upper_chord,桁架上弦,ZJ8_TRUSS_UPPER,5,HN-180x180,P3_41520_83520:S5_39000_59520,warren-with-verticals,52058.181818,2875.0,17000.0,53923.636364,2875.0,17000.0,1865.454545
truss_upper_chord_0020,truss_upper_chord,桁架上弦,ZJ8_TRUSS_UPPER,5,HN-180x180,P3_41520_83520:S5_39000_59520,warren-with-verticals,53923.636364,2875.0,17000.0,55789.090909,2875.0,17000.0,1865.454545
truss_upper_chord_0021,truss_upper_chord,桁架上弦,ZJ8_TRUSS_UPPER,5,HN-180x180,P3_41520_83520:S5_39000_59520,warren-with-verticals,55789.090909,2875.0,17000.0,57654.545455,2875.0,17000.0,1865.454545
truss_upper_chord_0022,truss_upper_chord,桁架上弦,ZJ8_TRUSS_UPPER,5,HN-180x180,P3_41520_83520:S5_39000_59520,warren-with-verticals,57654.545455,2875.0,17000.0,59520.0,2875.0,17000.0,1865.454545
truss_lower_chord_0012,truss_lower_chord,桁架下弦,ZJ8_TRUSS_LOWER,5,HN-180x180,P3_41520_83520:S5_39000_59520,warren-with-verticals,39000.0,2875.0,15200.0,40865.454545,2875.0,15200.0,1865.454545
truss_lower_chord_0013,truss_lower_chord,桁架下弦,ZJ8_TRUSS_LOWER,5,HN-180x180,P3_41520_83520:S5_39000_59520,warren-with-verticals,40865.454545,2875.0,15200.0,42730.909091,2875.0,15200.0,1865.454545
truss_lower_chord_0014,truss_lower_chord,桁架下弦,ZJ8_TRUSS_LOWER,5,HN-180x180,P3_41520_83520:S5_39000_59520,warren-with-verticals,42730.909091,2875.0,15200.0,44596.363636,2875.0,15200.0,1865.454545
truss_lower_chord_0015,truss_lower_chord,桁架下弦,ZJ8_TRUSS_LOWER,5,HN-180x180,P3_41520_83520:S5_39000_59520,warren-with-verticals,44596.363636,2875.0,15200.0,46461.818182,2875.0,15200.0,1865.454545
truss_lower_chord_0016,truss_lower_chord,桁架下弦,ZJ8_TRUSS_LOWER,5,HN-180x180,P3_41520_83520:S5_39000_59520,warren-with-verticals,46461.818182,2875.0,15200.0,48327.272727,2875.0,15200.0,1865.454545
truss_lower_chord_0017,truss_lower_chord,桁架下弦,ZJ8_TRUSS_LOWER,5,HN-180x180,P3_41520_83520:S5_39000_59520,warren-with-verticals,48327.272727,2875.0,15200.0,50192.727273,2875.0,15200.0,1865.454545
truss_lower_chord_0018,truss_lower_chord,桁架下弦,ZJ8_TRUSS_LOWER,5,HN-180x180,P3_41520_83520:S5_39000_59520,warren-with-verticals,50192.727273,2875.0,15200.0,52058.181818,2875.0,15200.0,1865.454545
truss_lower_chord_0019,truss_lower_chord,桁架下弦,ZJ8_TRUSS_LOWER,5,HN-180x180,P3_41520_83520:S5_39000_59520,warren-with-verticals,52058.181818,2875.0,15200.0,53923.636364,2875.0,15200.0,1865.454545
truss_lower_chord_0020,truss_lower_chord,桁架下弦,ZJ8_TRUSS_LOWER,5,HN-180x180,P3_41520_83520:S5_39000_59520,warren-with-verticals,53923.636364,2875.0,15200.0,55789.090909,2875.0,15200.0,1865.454545
truss_lower_chord_0021,truss_lower_chord,桁架下弦,ZJ8_TRUSS_LOWER,5,HN-180x180,P3_41520_83520:S5_39000_59520,warren-with-verticals,55789.090909,2875.0,15200.0,57654.545455,2875.0,15200.0,1865.454545
truss_lower_chord_0022,truss_lower_chord,桁架下弦,ZJ8_TRUSS_LOWER,5,HN-180x180,P3_41520_83520:S5_39000_59520,warren-with-verticals,57654.545455,2875.0,15200.0,59520.0,2875.0,15200.0,1865.454545
truss_vertical_0013,truss_vertical,桁架竖腹杆,ZJ8_TRUSS_VERTICAL,5,L90x90,P3_41520_83520:S5_39000_59520,warren-with-verticals,39000.0,2875.0,17000.0,39000.0,2875.0,15200.0,1800.0
truss_vertical_0014,truss_vertical,桁架竖腹杆,ZJ8_TRUSS_VERTICAL,5,L90x90,P3_41520_83520:S5_39000_59520,warren-with-verticals,40865.454545,2875.0,17000.0,40865.454545,2875.0,15200.0,1800.0
truss_vertical_0015,truss_vertical,桁架竖腹杆,ZJ8_TRUSS_VERTICAL,5,L90x90,P3_41520_83520:S5_39000_59520,warren-with-verticals,42730.909091,2875.0,17000.0,42730.909091,2875.0,15200.0,1800.0
truss_vertical_0016,truss_vertical,桁架竖腹杆,ZJ8_TRUSS_VERTICAL,5,L90x90,P3_41520_83520:S5_39000_59520,warren-with-verticals,44596.363636,2875.0,17000.0,44596.363636,2875.0,15200.0,1800.0
truss_vertical_0017,truss_vertical,桁架竖腹杆,ZJ8_TRUSS_VERTICAL,5,L90x90,P3_41520_83520:S5_39000_59520,warren-with-verticals,46461.818182,2875.0,17000.0,46461.818182,2875.0,15200.0,1800.0
truss_vertical_0018,truss_vertical,桁架竖腹杆,ZJ8_TRUSS_VERTICAL,5,L90x90,P3_41520_83520:S5_39000_59520,warren-with-verticals,48327.272727,2875.0,17000.0,48327.272727,2875.0,15200.0,1800.0
truss_vertical_0019,truss_vertical,桁架竖腹杆,ZJ8_TRUSS_VERTICAL,5,L90x90,P3_41520_83520:S5_39000_59520,warren-with-verticals,50192.727273,2875.0,17000.0,50192.727273,2875.0,15200.0,1800.0
truss_vertical_0020,truss_vertical,桁架竖腹杆,ZJ8_TRUSS_VERTICAL,5,L90x90,P3_41520_83520:S5_39000_59520,warren-with-verticals,52058.181818,2875.0,17000.0,52058.181818,2875.0,15200.0,1800.0
truss_vertical_0021,truss_vertical,桁架竖腹杆,ZJ8_TRUSS_VERTICAL,5,L90x90,P3_41520_83520:S5_39000_59520,warren-with-verticals,53923.636364,2875.0,17000.0,53923.636364,2875.0,15200.0,1800.0
truss_vertical_0022,truss_vertical,桁架竖腹杆,ZJ8_TRUSS_VERTICAL,5,L90x90,P3_41520_83520:S5_39000_59520,warren-with-verticals,55789.090909,2875.0,17000.0,55789.090909,2875.0,15200.0,1800.0
truss_vertical_0023,truss_vertical,桁架竖腹杆,ZJ8_TRUSS_VERTICAL,5,L90x90,P3_41520_83520:S5_39000_59520,warren-with-verticals,57654.545455,2875.0,17000.0,57654.545455,2875.0,15200.0,1800.0
truss_vertical_0024,truss_vertical,桁架竖腹杆,ZJ8_TRUSS_VERTICAL,5,L90x90,P3_41520_83520:S5_39000_59520,warren-with-verticals,59520.0,2875.0,17000.0,59520.0,2875.0,15200.0,1800.0
truss_diagonal_0012,truss_diagonal,桁架斜腹杆,ZJ8_TRUSS_DIAGONAL,5,L90x90,P3_41520_83520:S5_39000_59520,warren-with-verticals,39000.0,2875.0,15200.0,40865.454545,2875.0,17000.0,2592.280977
truss_diagonal_0013,truss_diagonal,桁架斜腹杆,ZJ8_TRUSS_DIAGONAL,5,L90x90,P3_41520_83520:S5_39000_59520,warren-with-verticals,40865.454545,2875.0,17000.0,42730.909091,2875.0,15200.0,2592.280977
truss_diagonal_0014,truss_diagonal,桁架斜腹杆,ZJ8_TRUSS_DIAGONAL,5,L90x90,P3_41520_83520:S5_39000_59520,warren-with-verticals,42730.909091,2875.0,15200.0,44596.363636,2875.0,17000.0,2592.280977
truss_diagonal_0015,truss_diagonal,桁架斜腹杆,ZJ8_TRUSS_DIAGONAL,5,L90x90,P3_41520_83520:S5_39000_59520,warren-with-verticals,44596.363636,2875.0,17000.0,46461.818182,2875.0,15200.0,2592.280977
truss_diagonal_0016,truss_diagonal,桁架斜腹杆,ZJ8_TRUSS_DIAGONAL,5,L90x90,P3_41520_83520:S5_39000_59520,warren-with-verticals,46461.818182,2875.0,15200.0,48327.272727,2875.0,17000.0,2592.280977
truss_diagonal_0017,truss_diagonal,桁架斜腹杆,ZJ8_TRUSS_DIAGONAL,5,L90x90,P3_41520_83520:S5_39000_59520,warren-with-verticals,48327.272727,2875.0,17000.0,50192.727273,2875.0,15200.0,2592.280977
truss_diagonal_0018,truss_diagonal,桁架斜腹杆,ZJ8_TRUSS_DIAGONAL,5,L90x90,P3_41520_83520:S5_39000_59520,warren-with-verticals,50192.727273,2875.0,15200.0,52058.181818,2875.0,17000.0,2592.280977
truss_diagonal_0019,truss_diagonal,桁架斜腹杆,ZJ8_TRUSS_DIAGONAL,5,L90x90,P3_41520_83520:S5_39000_59520,warren-with-verticals,52058.181818,2875.0,17000.0,53923.636364,2875.0,15200.0,2592.280977
truss_diagonal_0020,truss_diagonal,桁架斜腹杆,ZJ8_TRUSS_DIAGONAL,5,L90x90,P3_41520_83520:S5_39000_59520,warren-with-verticals,53923.636364,2875.0,15200.0,55789.090909,2875.0,17000.0,2592.280977
truss_diagonal_0021,truss_diagonal,桁架斜腹杆,ZJ8_TRUSS_DIAGONAL,5,L90x90,P3_41520_83520:S5_39000_59520,warren-with-verticals,55789.090909,2875.0,17000.0,57654.545455,2875.0,15200.0,2592.280977
truss_diagonal_0022,truss_diagonal,桁架斜腹杆,ZJ8_TRUSS_DIAGONAL,5,L90x90,P3_41520_83520:S5_39000_59520,warren-with-verticals,57654.545455,2875.0,15200.0,59520.0,2875.0,17000.0,2592.280977
deck_main_beam_0041,deck_main_beam,平台主梁,ZJ8_DECK_MAIN,4,HM-220x220,P3_41520_83520:S6_59520_62520,double-side-cantilever,59520.0,-2875.0,17000.0,62520.0,-2875.0,17000.0,3000.0
deck_main_beam_0042,deck_main_beam,平台主梁,ZJ8_DECK_MAIN,4,HM-220x220,P3_41520_83520:S6_59520_62520,double-side-cantilever,59520.0,2875.0,17000.0,62520.0,2875.0,17000.0,3000.0
deck_secondary_beam_0041,deck_secondary_beam,平台次梁,ZJ8_DECK_SECONDARY,3,HN-120x120,P3_41520_83520:S6_59520_62520,double-side-cantilever,59520.0,-1075.0,17000.0,62520.0,-1075.0,17000.0,3000.0
deck_secondary_beam_0042,deck_secondary_beam,平台次梁,ZJ8_DECK_SECONDARY,3,HN-120x120,P3_41520_83520:S6_59520_62520,double-side-cantilever,59520.0,1075.0,17000.0,62520.0,1075.0,17000.0,3000.0
cantilever_edge_beam_0043,cantilever_edge_beam,外挑边梁,ZJ8_CANTILEVER_EDGE,3,HN-120x120,P3_41520_83520:S6_59520_62520,double-side-cantilever,59520.0,-2200.0,17000.0,62520.0,-2200.0,17000.0,3000.0
cantilever_edge_beam_0044,cantilever_edge_beam,外挑边梁,ZJ8_CANTILEVER_EDGE,3,HN-120x120,P3_41520_83520:S6_59520_62520,double-side-cantilever,59520.0,2700.0,17000.0,62520.0,2700.0,17000.0,3000.0
platform_brace_0021,platform_brace,平台平面支撑,ZJ8_PLATFORM_BRACE,1,L90x90,P3_41520_83520:S6_59520_62520,alternating-x,59520.0,-2875.0,17000.0,62520.0,2875.0,17000.0,6485.560886
longitudinal_support_brace_0003,longitudinal_support_brace,固定支架纵向支撑,ZJ8_LONGITUDINAL_BRACE,1,L90x90,P3_41520_83520:S6_59520_62520,alternating-x,59520.0,-2875.0,0.0,62520.0,-2875.0,17000.0,17262.676502
longitudinal_support_brace_0004,longitudinal_support_brace,固定支架纵向支撑,ZJ8_LONGITUDINAL_BRACE,1,L90x90,P3_41520_83520:S6_59520_62520,alternating-x,59520.0,2875.0,0.0,62520.0,2875.0,17000.0,17262.676502
deck_main_beam_0043,deck_main_beam,平台主梁,ZJ8_DECK_MAIN,4,HM-220x220,P3_41520_83520:S7_62520_74520,double-side-cantilever,62520.0,-2875.0,17000.0,65520.0,-2875.0,17000.0,3000.0
deck_main_beam_0044,deck_main_beam,平台主梁,ZJ8_DECK_MAIN,4,HM-220x220,P3_41520_83520:S7_62520_74520,double-side-cantilever,65520.0,-2875.0,17000.0,68520.0,-2875.0,17000.0,3000.0
deck_main_beam_0045,deck_main_beam,平台主梁,ZJ8_DECK_MAIN,4,HM-220x220,P3_41520_83520:S7_62520_74520,double-side-cantilever,68520.0,-2875.0,17000.0,71520.0,-2875.0,17000.0,3000.0
deck_main_beam_0046,deck_main_beam,平台主梁,ZJ8_DECK_MAIN,4,HM-220x220,P3_41520_83520:S7_62520_74520,double-side-cantilever,71520.0,-2875.0,17000.0,74520.0,-2875.0,17000.0,3000.0
deck_main_beam_0047,deck_main_beam,平台主梁,ZJ8_DECK_MAIN,4,HM-220x220,P3_41520_83520:S7_62520_74520,double-side-cantilever,62520.0,2875.0,17000.0,65520.0,2875.0,17000.0,3000.0
deck_main_beam_0048,deck_main_beam,平台主梁,ZJ8_DECK_MAIN,4,HM-220x220,P3_41520_83520:S7_62520_74520,double-side-cantilever,65520.0,2875.0,17000.0,68520.0,2875.0,17000.0,3000.0
deck_main_beam_0049,deck_main_beam,平台主梁,ZJ8_DECK_MAIN,4,HM-220x220,P3_41520_83520:S7_62520_74520,double-side-cantilever,68520.0,2875.0,17000.0,71520.0,2875.0,17000.0,3000.0
deck_main_beam_0050,deck_main_beam,平台主梁,ZJ8_DECK_MAIN,4,HM-220x220,P3_41520_83520:S7_62520_74520,double-side-cantilever,71520.0,2875.0,17000.0,74520.0,2875.0,17000.0,3000.0
deck_cross_beam_0027,deck_cross_beam,横向梁,ZJ8_DECK_CROSS,4,HN-180x180,P3_41520_83520:S7_62520_74520,double-side-cantilever,65520.0,-2200.0,17000.0,65520.0,2700.0,17000.0,4900.0
deck_cross_beam_0028,deck_cross_beam,横向梁,ZJ8_DECK_CROSS,4,HN-180x180,P3_41520_83520:S7_62520_74520,double-side-cantilever,68520.0,-2200.0,17000.0,68520.0,2700.0,17000.0,4900.0
deck_cross_beam_0029,deck_cross_beam,横向梁,ZJ8_DECK_CROSS,4,HN-180x180,P3_41520_83520:S7_62520_74520,double-side-cantilever,71520.0,-2200.0,17000.0,71520.0,2700.0,17000.0,4900.0
deck_secondary_beam_0043,deck_secondary_beam,平台次梁,ZJ8_DECK_SECONDARY,3,HN-120x120,P3_41520_83520:S7_62520_74520,double-side-cantilever,62520.0,-1075.0,17000.0,65520.0,-1075.0,17000.0,3000.0
deck_secondary_beam_0044,deck_secondary_beam,平台次梁,ZJ8_DECK_SECONDARY,3,HN-120x120,P3_41520_83520:S7_62520_74520,double-side-cantilever,65520.0,-1075.0,17000.0,68520.0,-1075.0,17000.0,3000.0
deck_secondary_beam_0045,deck_secondary_beam,平台次梁,ZJ8_DECK_SECONDARY,3,HN-120x120,P3_41520_83520:S7_62520_74520,double-side-cantilever,68520.0,-1075.0,17000.0,71520.0,-1075.0,17000.0,3000.0
deck_secondary_beam_0046,deck_secondary_beam,平台次梁,ZJ8_DECK_SECONDARY,3,HN-120x120,P3_41520_83520:S7_62520_74520,double-side-cantilever,71520.0,-1075.0,17000.0,74520.0,-1075.0,17000.0,3000.0
deck_secondary_beam_0047,deck_secondary_beam,平台次梁,ZJ8_DECK_SECONDARY,3,HN-120x120,P3_41520_83520:S7_62520_74520,double-side-cantilever,62520.0,1075.0,17000.0,65520.0,1075.0,17000.0,3000.0
deck_secondary_beam_0048,deck_secondary_beam,平台次梁,ZJ8_DECK_SECONDARY,3,HN-120x120,P3_41520_83520:S7_62520_74520,double-side-cantilever,65520.0,1075.0,17000.0,68520.0,1075.0,17000.0,3000.0
deck_secondary_beam_0049,deck_secondary_beam,平台次梁,ZJ8_DECK_SECONDARY,3,HN-120x120,P3_41520_83520:S7_62520_74520,double-side-cantilever,68520.0,1075.0,17000.0,71520.0,1075.0,17000.0,3000.0
deck_secondary_beam_0050,deck_secondary_beam,平台次梁,ZJ8_DECK_SECONDARY,3,HN-120x120,P3_41520_83520:S7_62520_74520,double-side-cantilever,71520.0,1075.0,17000.0,74520.0,1075.0,17000.0,3000.0
cantilever_edge_beam_0045,cantilever_edge_beam,外挑边梁,ZJ8_CANTILEVER_EDGE,3,HN-120x120,P3_41520_83520:S7_62520_74520,double-side-cantilever,62520.0,-2200.0,17000.0,65520.0,-2200.0,17000.0,3000.0
cantilever_edge_beam_0046,cantilever_edge_beam,外挑边梁,ZJ8_CANTILEVER_EDGE,3,HN-120x120,P3_41520_83520:S7_62520_74520,double-side-cantilever,65520.0,-2200.0,17000.0,68520.0,-2200.0,17000.0,3000.0
cantilever_edge_beam_0047,cantilever_edge_beam,外挑边梁,ZJ8_CANTILEVER_EDGE,3,HN-120x120,P3_41520_83520:S7_62520_74520,double-side-cantilever,68520.0,-2200.0,17000.0,71520.0,-2200.0,17000.0,3000.0
cantilever_edge_beam_0048,cantilever_edge_beam,外挑边梁,ZJ8_CANTILEVER_EDGE,3,HN-120x120,P3_41520_83520:S7_62520_74520,double-side-cantilever,71520.0,-2200.0,17000.0,74520.0,-2200.0,17000.0,3000.0
cantilever_edge_beam_0049,cantilever_edge_beam,外挑边梁,ZJ8_CANTILEVER_EDGE,3,HN-120x120,P3_41520_83520:S7_62520_74520,double-side-cantilever,62520.0,2700.0,17000.0,65520.0,2700.0,17000.0,3000.0
cantilever_edge_beam_0050,cantilever_edge_beam,外挑边梁,ZJ8_CANTILEVER_EDGE,3,HN-120x120,P3_41520_83520:S7_62520_74520,double-side-cantilever,65520.0,2700.0,17000.0,68520.0,2700.0,17000.0,3000.0
cantilever_edge_beam_0051,cantilever_edge_beam,外挑边梁,ZJ8_CANTILEVER_EDGE,3,HN-120x120,P3_41520_83520:S7_62520_74520,double-side-cantilever,68520.0,2700.0,17000.0,71520.0,2700.0,17000.0,3000.0
cantilever_edge_beam_0052,cantilever_edge_beam,外挑边梁,ZJ8_CANTILEVER_EDGE,3,HN-120x120,P3_41520_83520:S7_62520_74520,double-side-cantilever,71520.0,2700.0,17000.0,74520.0,2700.0,17000.0,3000.0
platform_brace_0022,platform_brace,平台平面支撑,ZJ8_PLATFORM_BRACE,1,L90x90,P3_41520_83520:S7_62520_74520,alternating-x,62520.0,-2875.0,17000.0,65520.0,2875.0,17000.0,6485.560886
platform_brace_0023,platform_brace,平台平面支撑,ZJ8_PLATFORM_BRACE,1,L90x90,P3_41520_83520:S7_62520_74520,alternating-x,65520.0,2875.0,17000.0,68520.0,-2875.0,17000.0,6485.560886
platform_brace_0024,platform_brace,平台平面支撑,ZJ8_PLATFORM_BRACE,1,L90x90,P3_41520_83520:S7_62520_74520,alternating-x,68520.0,-2875.0,17000.0,71520.0,2875.0,17000.0,6485.560886
platform_brace_0025,platform_brace,平台平面支撑,ZJ8_PLATFORM_BRACE,1,L90x90,P3_41520_83520:S7_62520_74520,alternating-x,71520.0,2875.0,17000.0,74520.0,-2875.0,17000.0,6485.560886
deck_main_beam_0051,deck_main_beam,平台主梁,ZJ8_DECK_MAIN,4,HM-220x220,P3_41520_83520:S8_74520_77520,double-side-cantilever,74520.0,-2875.0,17000.0,77520.0,-2875.0,17000.0,3000.0
deck_main_beam_0052,deck_main_beam,平台主梁,ZJ8_DECK_MAIN,4,HM-220x220,P3_41520_83520:S8_74520_77520,double-side-cantilever,74520.0,2875.0,17000.0,77520.0,2875.0,17000.0,3000.0
deck_secondary_beam_0051,deck_secondary_beam,平台次梁,ZJ8_DECK_SECONDARY,3,HN-120x120,P3_41520_83520:S8_74520_77520,double-side-cantilever,74520.0,-1075.0,17000.0,77520.0,-1075.0,17000.0,3000.0
deck_secondary_beam_0052,deck_secondary_beam,平台次梁,ZJ8_DECK_SECONDARY,3,HN-120x120,P3_41520_83520:S8_74520_77520,double-side-cantilever,74520.0,1075.0,17000.0,77520.0,1075.0,17000.0,3000.0
cantilever_edge_beam_0053,cantilever_edge_beam,外挑边梁,ZJ8_CANTILEVER_EDGE,3,HN-120x120,P3_41520_83520:S8_74520_77520,double-side-cantilever,74520.0,-2200.0,17000.0,77520.0,-2200.0,17000.0,3000.0
cantilever_edge_beam_0054,cantilever_edge_beam,外挑边梁,ZJ8_CANTILEVER_EDGE,3,HN-120x120,P3_41520_83520:S8_74520_77520,double-side-cantilever,74520.0,2700.0,17000.0,77520.0,2700.0,17000.0,3000.0
platform_brace_0026,platform_brace,平台平面支撑,ZJ8_PLATFORM_BRACE,1,L90x90,P3_41520_83520:S8_74520_77520,alternating-x,74520.0,-2875.0,17000.0,77520.0,2875.0,17000.0,6485.560886
longitudinal_support_brace_0005,longitudinal_support_brace,固定支架纵向支撑,ZJ8_LONGITUDINAL_BRACE,1,L90x90,P3_41520_83520:S8_74520_77520,alternating-x,74520.0,-2875.0,0.0,77520.0,-2875.0,17000.0,17262.676502
longitudinal_support_brace_0006,longitudinal_support_brace,固定支架纵向支撑,ZJ8_LONGITUDINAL_BRACE,1,L90x90,P3_41520_83520:S8_74520_77520,alternating-x,74520.0,2875.0,0.0,77520.0,2875.0,17000.0,17262.676502
deck_main_beam_0053,deck_main_beam,平台主梁,ZJ8_DECK_MAIN,4,HM-220x220,P4_83520_119520:S9_77520_116520,double-side-cantilever,77520.0,-2875.0,17000.0,80520.0,-2875.0,17000.0,3000.0
deck_main_beam_0054,deck_main_beam,平台主梁,ZJ8_DECK_MAIN,4,HM-220x220,P4_83520_119520:S9_77520_116520,double-side-cantilever,80520.0,-2875.0,17000.0,83520.0,-2875.0,17000.0,3000.0
deck_main_beam_0055,deck_main_beam,平台主梁,ZJ8_DECK_MAIN,4,HM-220x220,P4_83520_119520:S9_77520_116520,double-side-cantilever,83520.0,-2875.0,17000.0,86520.0,-2875.0,17000.0,3000.0
deck_main_beam_0056,deck_main_beam,平台主梁,ZJ8_DECK_MAIN,4,HM-220x220,P4_83520_119520:S9_77520_116520,double-side-cantilever,86520.0,-2875.0,17000.0,89520.0,-2875.0,17000.0,3000.0
deck_main_beam_0057,deck_main_beam,平台主梁,ZJ8_DECK_MAIN,4,HM-220x220,P4_83520_119520:S9_77520_116520,double-side-cantilever,89520.0,-2875.0,17000.0,92520.0,-2875.0,17000.0,3000.0
deck_main_beam_0058,deck_main_beam,平台主梁,ZJ8_DECK_MAIN,4,HM-220x220,P4_83520_119520:S9_77520_116520,double-side-cantilever,92520.0,-2875.0,17000.0,95520.0,-2875.0,17000.0,3000.0
deck_main_beam_0059,deck_main_beam,平台主梁,ZJ8_DECK_MAIN,4,HM-220x220,P4_83520_119520:S9_77520_116520,double-side-cantilever,95520.0,-2875.0,17000.0,98520.0,-2875.0,17000.0,3000.0
deck_main_beam_0060,deck_main_beam,平台主梁,ZJ8_DECK_MAIN,4,HM-220x220,P4_83520_119520:S9_77520_116520,double-side-cantilever,98520.0,-2875.0,17000.0,101520.0,-2875.0,17000.0,3000.0
deck_main_beam_0061,deck_main_beam,平台主梁,ZJ8_DECK_MAIN,4,HM-220x220,P4_83520_119520:S9_77520_116520,double-side-cantilever,101520.0,-2875.0,17000.0,104520.0,-2875.0,17000.0,3000.0
deck_main_beam_0062,deck_main_beam,平台主梁,ZJ8_DECK_MAIN,4,HM-220x220,P4_83520_119520:S9_77520_116520,double-side-cantilever,104520.0,-2875.0,17000.0,107520.0,-2875.0,17000.0,3000.0
deck_main_beam_0063,deck_main_beam,平台主梁,ZJ8_DECK_MAIN,4,HM-220x220,P4_83520_119520:S9_77520_116520,double-side-cantilever,107520.0,-2875.0,17000.0,110520.0,-2875.0,17000.0,3000.0
deck_main_beam_0064,deck_main_beam,平台主梁,ZJ8_DECK_MAIN,4,HM-220x220,P4_83520_119520:S9_77520_116520,double-side-cantilever,110520.0,-2875.0,17000.0,113520.0,-2875.0,17000.0,3000.0
deck_main_beam_0065,deck_main_beam,平台主梁,ZJ8_DECK_MAIN,4,HM-220x220,P4_83520_119520:S9_77520_116520,double-side-cantilever,113520.0,-2875.0,17000.0,116520.0,-2875.0,17000.0,3000.0
deck_main_beam_0066,deck_main_beam,平台主梁,ZJ8_DECK_MAIN,4,HM-220x220,P4_83520_119520:S9_77520_116520,double-side-cantilever,77520.0,2875.0,17000.0,80520.0,2875.0,17000.0,3000.0
deck_main_beam_0067,deck_main_beam,平台主梁,ZJ8_DECK_MAIN,4,HM-220x220,P4_83520_119520:S9_77520_116520,double-side-cantilever,80520.0,2875.0,17000.0,83520.0,2875.0,17000.0,3000.0
deck_main_beam_0068,deck_main_beam,平台主梁,ZJ8_DECK_MAIN,4,HM-220x220,P4_83520_119520:S9_77520_116520,double-side-cantilever,83520.0,2875.0,17000.0,86520.0,2875.0,17000.0,3000.0
deck_main_beam_0069,deck_main_beam,平台主梁,ZJ8_DECK_MAIN,4,HM-220x220,P4_83520_119520:S9_77520_116520,double-side-cantilever,86520.0,2875.0,17000.0,89520.0,2875.0,17000.0,3000.0
deck_main_beam_0070,deck_main_beam,平台主梁,ZJ8_DECK_MAIN,4,HM-220x220,P4_83520_119520:S9_77520_116520,double-side-cantilever,89520.0,2875.0,17000.0,92520.0,2875.0,17000.0,3000.0
deck_main_beam_0071,deck_main_beam,平台主梁,ZJ8_DECK_MAIN,4,HM-220x220,P4_83520_119520:S9_77520_116520,double-side-cantilever,92520.0,2875.0,17000.0,95520.0,2875.0,17000.0,3000.0
deck_main_beam_0072,deck_main_beam,平台主梁,ZJ8_DECK_MAIN,4,HM-220x220,P4_83520_119520:S9_77520_116520,double-side-cantilever,95520.0,2875.0,17000.0,98520.0,2875.0,17000.0,3000.0
deck_main_beam_0073,deck_main_beam,平台主梁,ZJ8_DECK_MAIN,4,HM-220x220,P4_83520_119520:S9_77520_116520,double-side-cantilever,98520.0,2875.0,17000.0,101520.0,2875.0,17000.0,3000.0
deck_main_beam_0074,deck_main_beam,平台主梁,ZJ8_DECK_MAIN,4,HM-220x220,P4_83520_119520:S9_77520_116520,double-side-cantilever,101520.0,2875.0,17000.0,104520.0,2875.0,17000.0,3000.0
deck_main_beam_0075,deck_main_beam,平台主梁,ZJ8_DECK_MAIN,4,HM-220x220,P4_83520_119520:S9_77520_116520,double-side-cantilever,104520.0,2875.0,17000.0,107520.0,2875.0,17000.0,3000.0
deck_main_beam_0076,deck_main_beam,平台主梁,ZJ8_DECK_MAIN,4,HM-220x220,P4_83520_119520:S9_77520_116520,double-side-cantilever,107520.0,2875.0,17000.0,110520.0,2875.0,17000.0,3000.0
deck_main_beam_0077,deck_main_beam,平台主梁,ZJ8_DECK_MAIN,4,HM-220x220,P4_83520_119520:S9_77520_116520,double-side-cantilever,110520.0,2875.0,17000.0,113520.0,2875.0,17000.0,3000.0
deck_main_beam_0078,deck_main_beam,平台主梁,ZJ8_DECK_MAIN,4,HM-220x220,P4_83520_119520:S9_77520_116520,double-side-cantilever,113520.0,2875.0,17000.0,116520.0,2875.0,17000.0,3000.0
deck_cross_beam_0030,deck_cross_beam,横向梁,ZJ8_DECK_CROSS,4,HN-180x180,P4_83520_119520:S9_77520_116520,double-side-cantilever,80520.0,-2200.0,17000.0,80520.0,2700.0,17000.0,4900.0
deck_cross_beam_0031,deck_cross_beam,横向梁,ZJ8_DECK_CROSS,4,HN-180x180,P4_83520_119520:S9_77520_116520,double-side-cantilever,83520.0,-2200.0,17000.0,83520.0,2700.0,17000.0,4900.0
deck_cross_beam_0032,deck_cross_beam,横向梁,ZJ8_DECK_CROSS,4,HN-180x180,P4_83520_119520:S9_77520_116520,double-side-cantilever,86520.0,-2200.0,17000.0,86520.0,2700.0,17000.0,4900.0
deck_cross_beam_0033,deck_cross_beam,横向梁,ZJ8_DECK_CROSS,4,HN-180x180,P4_83520_119520:S9_77520_116520,double-side-cantilever,89520.0,-2200.0,17000.0,89520.0,2700.0,17000.0,4900.0
deck_cross_beam_0034,deck_cross_beam,横向梁,ZJ8_DECK_CROSS,4,HN-180x180,P4_83520_119520:S9_77520_116520,double-side-cantilever,92520.0,-2200.0,17000.0,92520.0,2700.0,17000.0,4900.0
deck_cross_beam_0035,deck_cross_beam,横向梁,ZJ8_DECK_CROSS,4,HN-180x180,P4_83520_119520:S9_77520_116520,double-side-cantilever,95520.0,-2200.0,17000.0,95520.0,2700.0,17000.0,4900.0
deck_cross_beam_0036,deck_cross_beam,横向梁,ZJ8_DECK_CROSS,4,HN-180x180,P4_83520_119520:S9_77520_116520,double-side-cantilever,98520.0,-2200.0,17000.0,98520.0,2700.0,17000.0,4900.0
deck_cross_beam_0037,deck_cross_beam,横向梁,ZJ8_DECK_CROSS,4,HN-180x180,P4_83520_119520:S9_77520_116520,double-side-cantilever,101520.0,-2200.0,17000.0,101520.0,2700.0,17000.0,4900.0
deck_cross_beam_0038,deck_cross_beam,横向梁,ZJ8_DECK_CROSS,4,HN-180x180,P4_83520_119520:S9_77520_116520,double-side-cantilever,104520.0,-2200.0,17000.0,104520.0,2700.0,17000.0,4900.0
deck_cross_beam_0039,deck_cross_beam,横向梁,ZJ8_DECK_CROSS,4,HN-180x180,P4_83520_119520:S9_77520_116520,double-side-cantilever,107520.0,-2200.0,17000.0,107520.0,2700.0,17000.0,4900.0
deck_cross_beam_0040,deck_cross_beam,横向梁,ZJ8_DECK_CROSS,4,HN-180x180,P4_83520_119520:S9_77520_116520,double-side-cantilever,110520.0,-2200.0,17000.0,110520.0,2700.0,17000.0,4900.0
deck_cross_beam_0041,deck_cross_beam,横向梁,ZJ8_DECK_CROSS,4,HN-180x180,P4_83520_119520:S9_77520_116520,double-side-cantilever,113520.0,-2200.0,17000.0,113520.0,2700.0,17000.0,4900.0
deck_secondary_beam_0053,deck_secondary_beam,平台次梁,ZJ8_DECK_SECONDARY,3,HN-120x120,P4_83520_119520:S9_77520_116520,double-side-cantilever,77520.0,-1075.0,17000.0,80520.0,-1075.0,17000.0,3000.0
deck_secondary_beam_0054,deck_secondary_beam,平台次梁,ZJ8_DECK_SECONDARY,3,HN-120x120,P4_83520_119520:S9_77520_116520,double-side-cantilever,80520.0,-1075.0,17000.0,83520.0,-1075.0,17000.0,3000.0
deck_secondary_beam_0055,deck_secondary_beam,平台次梁,ZJ8_DECK_SECONDARY,3,HN-120x120,P4_83520_119520:S9_77520_116520,double-side-cantilever,83520.0,-1075.0,17000.0,86520.0,-1075.0,17000.0,3000.0
deck_secondary_beam_0056,deck_secondary_beam,平台次梁,ZJ8_DECK_SECONDARY,3,HN-120x120,P4_83520_119520:S9_77520_116520,double-side-cantilever,86520.0,-1075.0,17000.0,89520.0,-1075.0,17000.0,3000.0
deck_secondary_beam_0057,deck_secondary_beam,平台次梁,ZJ8_DECK_SECONDARY,3,HN-120x120,P4_83520_119520:S9_77520_116520,double-side-cantilever,89520.0,-1075.0,17000.0,92520.0,-1075.0,17000.0,3000.0
deck_secondary_beam_0058,deck_secondary_beam,平台次梁,ZJ8_DECK_SECONDARY,3,HN-120x120,P4_83520_119520:S9_77520_116520,double-side-cantilever,92520.0,-1075.0,17000.0,95520.0,-1075.0,17000.0,3000.0
deck_secondary_beam_0059,deck_secondary_beam,平台次梁,ZJ8_DECK_SECONDARY,3,HN-120x120,P4_83520_119520:S9_77520_116520,double-side-cantilever,95520.0,-1075.0,17000.0,98520.0,-1075.0,17000.0,3000.0
deck_secondary_beam_0060,deck_secondary_beam,平台次梁,ZJ8_DECK_SECONDARY,3,HN-120x120,P4_83520_119520:S9_77520_116520,double-side-cantilever,98520.0,-1075.0,17000.0,101520.0,-1075.0,17000.0,3000.0
deck_secondary_beam_0061,deck_secondary_beam,平台次梁,ZJ8_DECK_SECONDARY,3,HN-120x120,P4_83520_119520:S9_77520_116520,double-side-cantilever,101520.0,-1075.0,17000.0,104520.0,-1075.0,17000.0,3000.0
deck_secondary_beam_0062,deck_secondary_beam,平台次梁,ZJ8_DECK_SECONDARY,3,HN-120x120,P4_83520_119520:S9_77520_116520,double-side-cantilever,104520.0,-1075.0,17000.0,107520.0,-1075.0,17000.0,3000.0
deck_secondary_beam_0063,deck_secondary_beam,平台次梁,ZJ8_DECK_SECONDARY,3,HN-120x120,P4_83520_119520:S9_77520_116520,double-side-cantilever,107520.0,-1075.0,17000.0,110520.0,-1075.0,17000.0,3000.0
deck_secondary_beam_0064,deck_secondary_beam,平台次梁,ZJ8_DECK_SECONDARY,3,HN-120x120,P4_83520_119520:S9_77520_116520,double-side-cantilever,110520.0,-1075.0,17000.0,113520.0,-1075.0,17000.0,3000.0
deck_secondary_beam_0065,deck_secondary_beam,平台次梁,ZJ8_DECK_SECONDARY,3,HN-120x120,P4_83520_119520:S9_77520_116520,double-side-cantilever,113520.0,-1075.0,17000.0,116520.0,-1075.0,17000.0,3000.0
deck_secondary_beam_0066,deck_secondary_beam,平台次梁,ZJ8_DECK_SECONDARY,3,HN-120x120,P4_83520_119520:S9_77520_116520,double-side-cantilever,77520.0,1075.0,17000.0,80520.0,1075.0,17000.0,3000.0
deck_secondary_beam_0067,deck_secondary_beam,平台次梁,ZJ8_DECK_SECONDARY,3,HN-120x120,P4_83520_119520:S9_77520_116520,double-side-cantilever,80520.0,1075.0,17000.0,83520.0,1075.0,17000.0,3000.0
deck_secondary_beam_0068,deck_secondary_beam,平台次梁,ZJ8_DECK_SECONDARY,3,HN-120x120,P4_83520_119520:S9_77520_116520,double-side-cantilever,83520.0,1075.0,17000.0,86520.0,1075.0,17000.0,3000.0
deck_secondary_beam_0069,deck_secondary_beam,平台次梁,ZJ8_DECK_SECONDARY,3,HN-120x120,P4_83520_119520:S9_77520_116520,double-side-cantilever,86520.0,1075.0,17000.0,89520.0,1075.0,17000.0,3000.0
deck_secondary_beam_0070,deck_secondary_beam,平台次梁,ZJ8_DECK_SECONDARY,3,HN-120x120,P4_83520_119520:S9_77520_116520,double-side-cantilever,89520.0,1075.0,17000.0,92520.0,1075.0,17000.0,3000.0
deck_secondary_beam_0071,deck_secondary_beam,平台次梁,ZJ8_DECK_SECONDARY,3,HN-120x120,P4_83520_119520:S9_77520_116520,double-side-cantilever,92520.0,1075.0,17000.0,95520.0,1075.0,17000.0,3000.0
deck_secondary_beam_0072,deck_secondary_beam,平台次梁,ZJ8_DECK_SECONDARY,3,HN-120x120,P4_83520_119520:S9_77520_116520,double-side-cantilever,95520.0,1075.0,17000.0,98520.0,1075.0,17000.0,3000.0
deck_secondary_beam_0073,deck_secondary_beam,平台次梁,ZJ8_DECK_SECONDARY,3,HN-120x120,P4_83520_119520:S9_77520_116520,double-side-cantilever,98520.0,1075.0,17000.0,101520.0,1075.0,17000.0,3000.0
deck_secondary_beam_0074,deck_secondary_beam,平台次梁,ZJ8_DECK_SECONDARY,3,HN-120x120,P4_83520_119520:S9_77520_116520,double-side-cantilever,101520.0,1075.0,17000.0,104520.0,1075.0,17000.0,3000.0
deck_secondary_beam_0075,deck_secondary_beam,平台次梁,ZJ8_DECK_SECONDARY,3,HN-120x120,P4_83520_119520:S9_77520_116520,double-side-cantilever,104520.0,1075.0,17000.0,107520.0,1075.0,17000.0,3000.0
deck_secondary_beam_0076,deck_secondary_beam,平台次梁,ZJ8_DECK_SECONDARY,3,HN-120x120,P4_83520_119520:S9_77520_116520,double-side-cantilever,107520.0,1075.0,17000.0,110520.0,1075.0,17000.0,3000.0
deck_secondary_beam_0077,deck_secondary_beam,平台次梁,ZJ8_DECK_SECONDARY,3,HN-120x120,P4_83520_119520:S9_77520_116520,double-side-cantilever,110520.0,1075.0,17000.0,113520.0,1075.0,17000.0,3000.0
deck_secondary_beam_0078,deck_secondary_beam,平台次梁,ZJ8_DECK_SECONDARY,3,HN-120x120,P4_83520_119520:S9_77520_116520,double-side-cantilever,113520.0,1075.0,17000.0,116520.0,1075.0,17000.0,3000.0
cantilever_edge_beam_0055,cantilever_edge_beam,外挑边梁,ZJ8_CANTILEVER_EDGE,3,HN-120x120,P4_83520_119520:S9_77520_116520,double-side-cantilever,77520.0,-2200.0,17000.0,80520.0,-2200.0,17000.0,3000.0
cantilever_edge_beam_0056,cantilever_edge_beam,外挑边梁,ZJ8_CANTILEVER_EDGE,3,HN-120x120,P4_83520_119520:S9_77520_116520,double-side-cantilever,80520.0,-2200.0,17000.0,83520.0,-2200.0,17000.0,3000.0
cantilever_edge_beam_0057,cantilever_edge_beam,外挑边梁,ZJ8_CANTILEVER_EDGE,3,HN-120x120,P4_83520_119520:S9_77520_116520,double-side-cantilever,83520.0,-2200.0,17000.0,86520.0,-2200.0,17000.0,3000.0
cantilever_edge_beam_0058,cantilever_edge_beam,外挑边梁,ZJ8_CANTILEVER_EDGE,3,HN-120x120,P4_83520_119520:S9_77520_116520,double-side-cantilever,86520.0,-2200.0,17000.0,89520.0,-2200.0,17000.0,3000.0
cantilever_edge_beam_0059,cantilever_edge_beam,外挑边梁,ZJ8_CANTILEVER_EDGE,3,HN-120x120,P4_83520_119520:S9_77520_116520,double-side-cantilever,89520.0,-2200.0,17000.0,92520.0,-2200.0,17000.0,3000.0
cantilever_edge_beam_0060,cantilever_edge_beam,外挑边梁,ZJ8_CANTILEVER_EDGE,3,HN-120x120,P4_83520_119520:S9_77520_116520,double-side-cantilever,92520.0,-2200.0,17000.0,95520.0,-2200.0,17000.0,3000.0
cantilever_edge_beam_0061,cantilever_edge_beam,外挑边梁,ZJ8_CANTILEVER_EDGE,3,HN-120x120,P4_83520_119520:S9_77520_116520,double-side-cantilever,95520.0,-2200.0,17000.0,98520.0,-2200.0,17000.0,3000.0
cantilever_edge_beam_0062,cantilever_edge_beam,外挑边梁,ZJ8_CANTILEVER_EDGE,3,HN-120x120,P4_83520_119520:S9_77520_116520,double-side-cantilever,98520.0,-2200.0,17000.0,101520.0,-2200.0,17000.0,3000.0
cantilever_edge_beam_0063,cantilever_edge_beam,外挑边梁,ZJ8_CANTILEVER_EDGE,3,HN-120x120,P4_83520_119520:S9_77520_116520,double-side-cantilever,101520.0,-2200.0,17000.0,104520.0,-2200.0,17000.0,3000.0
cantilever_edge_beam_0064,cantilever_edge_beam,外挑边梁,ZJ8_CANTILEVER_EDGE,3,HN-120x120,P4_83520_119520:S9_77520_116520,double-side-cantilever,104520.0,-2200.0,17000.0,107520.0,-2200.0,17000.0,3000.0
cantilever_edge_beam_0065,cantilever_edge_beam,外挑边梁,ZJ8_CANTILEVER_EDGE,3,HN-120x120,P4_83520_119520:S9_77520_116520,double-side-cantilever,107520.0,-2200.0,17000.0,110520.0,-2200.0,17000.0,3000.0
cantilever_edge_beam_0066,cantilever_edge_beam,外挑边梁,ZJ8_CANTILEVER_EDGE,3,HN-120x120,P4_83520_119520:S9_77520_116520,double-side-cantilever,110520.0,-2200.0,17000.0,113520.0,-2200.0,17000.0,3000.0
cantilever_edge_beam_0067,cantilever_edge_beam,外挑边梁,ZJ8_CANTILEVER_EDGE,3,HN-120x120,P4_83520_119520:S9_77520_116520,double-side-cantilever,113520.0,-2200.0,17000.0,116520.0,-2200.0,17000.0,3000.0
cantilever_edge_beam_0068,cantilever_edge_beam,外挑边梁,ZJ8_CANTILEVER_EDGE,3,HN-120x120,P4_83520_119520:S9_77520_116520,double-side-cantilever,77520.0,2700.0,17000.0,80520.0,2700.0,17000.0,3000.0
cantilever_edge_beam_0069,cantilever_edge_beam,外挑边梁,ZJ8_CANTILEVER_EDGE,3,HN-120x120,P4_83520_119520:S9_77520_116520,double-side-cantilever,80520.0,2700.0,17000.0,83520.0,2700.0,17000.0,3000.0
cantilever_edge_beam_0070,cantilever_edge_beam,外挑边梁,ZJ8_CANTILEVER_EDGE,3,HN-120x120,P4_83520_119520:S9_77520_116520,double-side-cantilever,83520.0,2700.0,17000.0,86520.0,2700.0,17000.0,3000.0
cantilever_edge_beam_0071,cantilever_edge_beam,外挑边梁,ZJ8_CANTILEVER_EDGE,3,HN-120x120,P4_83520_119520:S9_77520_116520,double-side-cantilever,86520.0,2700.0,17000.0,89520.0,2700.0,17000.0,3000.0
cantilever_edge_beam_0072,cantilever_edge_beam,外挑边梁,ZJ8_CANTILEVER_EDGE,3,HN-120x120,P4_83520_119520:S9_77520_116520,double-side-cantilever,89520.0,2700.0,17000.0,92520.0,2700.0,17000.0,3000.0
cantilever_edge_beam_0073,cantilever_edge_beam,外挑边梁,ZJ8_CANTILEVER_EDGE,3,HN-120x120,P4_83520_119520:S9_77520_116520,double-side-cantilever,92520.0,2700.0,17000.0,95520.0,2700.0,17000.0,3000.0
cantilever_edge_beam_0074,cantilever_edge_beam,外挑边梁,ZJ8_CANTILEVER_EDGE,3,HN-120x120,P4_83520_119520:S9_77520_116520,double-side-cantilever,95520.0,2700.0,17000.0,98520.0,2700.0,17000.0,3000.0
cantilever_edge_beam_0075,cantilever_edge_beam,外挑边梁,ZJ8_CANTILEVER_EDGE,3,HN-120x120,P4_83520_119520:S9_77520_116520,double-side-cantilever,98520.0,2700.0,17000.0,101520.0,2700.0,17000.0,3000.0
cantilever_edge_beam_0076,cantilever_edge_beam,外挑边梁,ZJ8_CANTILEVER_EDGE,3,HN-120x120,P4_83520_119520:S9_77520_116520,double-side-cantilever,101520.0,2700.0,17000.0,104520.0,2700.0,17000.0,3000.0
cantilever_edge_beam_0077,cantilever_edge_beam,外挑边梁,ZJ8_CANTILEVER_EDGE,3,HN-120x120,P4_83520_119520:S9_77520_116520,double-side-cantilever,104520.0,2700.0,17000.0,107520.0,2700.0,17000.0,3000.0
cantilever_edge_beam_0078,cantilever_edge_beam,外挑边梁,ZJ8_CANTILEVER_EDGE,3,HN-120x120,P4_83520_119520:S9_77520_116520,double-side-cantilever,107520.0,2700.0,17000.0,110520.0,2700.0,17000.0,3000.0
cantilever_edge_beam_0079,cantilever_edge_beam,外挑边梁,ZJ8_CANTILEVER_EDGE,3,HN-120x120,P4_83520_119520:S9_77520_116520,double-side-cantilever,110520.0,2700.0,17000.0,113520.0,2700.0,17000.0,3000.0
cantilever_edge_beam_0080,cantilever_edge_beam,外挑边梁,ZJ8_CANTILEVER_EDGE,3,HN-120x120,P4_83520_119520:S9_77520_116520,double-side-cantilever,113520.0,2700.0,17000.0,116520.0,2700.0,17000.0,3000.0
platform_brace_0027,platform_brace,平台平面支撑,ZJ8_PLATFORM_BRACE,1,L90x90,P4_83520_119520:S9_77520_116520,alternating-x,77520.0,-2875.0,17000.0,80520.0,2875.0,17000.0,6485.560886
platform_brace_0028,platform_brace,平台平面支撑,ZJ8_PLATFORM_BRACE,1,L90x90,P4_83520_119520:S9_77520_116520,alternating-x,80520.0,2875.0,17000.0,83520.0,-2875.0,17000.0,6485.560886
platform_brace_0029,platform_brace,平台平面支撑,ZJ8_PLATFORM_BRACE,1,L90x90,P4_83520_119520:S9_77520_116520,alternating-x,83520.0,-2875.0,17000.0,86520.0,2875.0,17000.0,6485.560886
platform_brace_0030,platform_brace,平台平面支撑,ZJ8_PLATFORM_BRACE,1,L90x90,P4_83520_119520:S9_77520_116520,alternating-x,86520.0,2875.0,17000.0,89520.0,-2875.0,17000.0,6485.560886
platform_brace_0031,platform_brace,平台平面支撑,ZJ8_PLATFORM_BRACE,1,L90x90,P4_83520_119520:S9_77520_116520,alternating-x,89520.0,-2875.0,17000.0,92520.0,2875.0,17000.0,6485.560886
platform_brace_0032,platform_brace,平台平面支撑,ZJ8_PLATFORM_BRACE,1,L90x90,P4_83520_119520:S9_77520_116520,alternating-x,92520.0,2875.0,17000.0,95520.0,-2875.0,17000.0,6485.560886
platform_brace_0033,platform_brace,平台平面支撑,ZJ8_PLATFORM_BRACE,1,L90x90,P4_83520_119520:S9_77520_116520,alternating-x,95520.0,-2875.0,17000.0,98520.0,2875.0,17000.0,6485.560886
platform_brace_0034,platform_brace,平台平面支撑,ZJ8_PLATFORM_BRACE,1,L90x90,P4_83520_119520:S9_77520_116520,alternating-x,98520.0,2875.0,17000.0,101520.0,-2875.0,17000.0,6485.560886
platform_brace_0035,platform_brace,平台平面支撑,ZJ8_PLATFORM_BRACE,1,L90x90,P4_83520_119520:S9_77520_116520,alternating-x,101520.0,-2875.0,17000.0,104520.0,2875.0,17000.0,6485.560886
platform_brace_0036,platform_brace,平台平面支撑,ZJ8_PLATFORM_BRACE,1,L90x90,P4_83520_119520:S9_77520_116520,alternating-x,104520.0,2875.0,17000.0,107520.0,-2875.0,17000.0,6485.560886
platform_brace_0037,platform_brace,平台平面支撑,ZJ8_PLATFORM_BRACE,1,L90x90,P4_83520_119520:S9_77520_116520,alternating-x,107520.0,-2875.0,17000.0,110520.0,2875.0,17000.0,6485.560886
platform_brace_0038,platform_brace,平台平面支撑,ZJ8_PLATFORM_BRACE,1,L90x90,P4_83520_119520:S9_77520_116520,alternating-x,110520.0,2875.0,17000.0,113520.0,-2875.0,17000.0,6485.560886
platform_brace_0039,platform_brace,平台平面支撑,ZJ8_PLATFORM_BRACE,1,L90x90,P4_83520_119520:S9_77520_116520,alternating-x,113520.0,-2875.0,17000.0,116520.0,2875.0,17000.0,6485.560886
truss_upper_chord_0023,truss_upper_chord,桁架上弦,ZJ8_TRUSS_UPPER,5,HN-180x180,P4_83520_119520:S9_77520_116520,warren-with-verticals,77520.0,-2875.0,17000.0,79470.0,-2875.0,17000.0,1950.0
truss_upper_chord_0024,truss_upper_chord,桁架上弦,ZJ8_TRUSS_UPPER,5,HN-180x180,P4_83520_119520:S9_77520_116520,warren-with-verticals,79470.0,-2875.0,17000.0,81420.0,-2875.0,17000.0,1950.0
truss_upper_chord_0025,truss_upper_chord,桁架上弦,ZJ8_TRUSS_UPPER,5,HN-180x180,P4_83520_119520:S9_77520_116520,warren-with-verticals,81420.0,-2875.0,17000.0,83370.0,-2875.0,17000.0,1950.0
truss_upper_chord_0026,truss_upper_chord,桁架上弦,ZJ8_TRUSS_UPPER,5,HN-180x180,P4_83520_119520:S9_77520_116520,warren-with-verticals,83370.0,-2875.0,17000.0,85320.0,-2875.0,17000.0,1950.0
truss_upper_chord_0027,truss_upper_chord,桁架上弦,ZJ8_TRUSS_UPPER,5,HN-180x180,P4_83520_119520:S9_77520_116520,warren-with-verticals,85320.0,-2875.0,17000.0,87270.0,-2875.0,17000.0,1950.0
truss_upper_chord_0028,truss_upper_chord,桁架上弦,ZJ8_TRUSS_UPPER,5,HN-180x180,P4_83520_119520:S9_77520_116520,warren-with-verticals,87270.0,-2875.0,17000.0,89220.0,-2875.0,17000.0,1950.0
truss_upper_chord_0029,truss_upper_chord,桁架上弦,ZJ8_TRUSS_UPPER,5,HN-180x180,P4_83520_119520:S9_77520_116520,warren-with-verticals,89220.0,-2875.0,17000.0,91170.0,-2875.0,17000.0,1950.0
truss_upper_chord_0030,truss_upper_chord,桁架上弦,ZJ8_TRUSS_UPPER,5,HN-180x180,P4_83520_119520:S9_77520_116520,warren-with-verticals,91170.0,-2875.0,17000.0,93120.0,-2875.0,17000.0,1950.0
truss_upper_chord_0031,truss_upper_chord,桁架上弦,ZJ8_TRUSS_UPPER,5,HN-180x180,P4_83520_119520:S9_77520_116520,warren-with-verticals,93120.0,-2875.0,17000.0,95070.0,-2875.0,17000.0,1950.0
truss_upper_chord_0032,truss_upper_chord,桁架上弦,ZJ8_TRUSS_UPPER,5,HN-180x180,P4_83520_119520:S9_77520_116520,warren-with-verticals,95070.0,-2875.0,17000.0,97020.0,-2875.0,17000.0,1950.0
truss_upper_chord_0033,truss_upper_chord,桁架上弦,ZJ8_TRUSS_UPPER,5,HN-180x180,P4_83520_119520:S9_77520_116520,warren-with-verticals,97020.0,-2875.0,17000.0,98970.0,-2875.0,17000.0,1950.0
truss_upper_chord_0034,truss_upper_chord,桁架上弦,ZJ8_TRUSS_UPPER,5,HN-180x180,P4_83520_119520:S9_77520_116520,warren-with-verticals,98970.0,-2875.0,17000.0,100920.0,-2875.0,17000.0,1950.0
truss_upper_chord_0035,truss_upper_chord,桁架上弦,ZJ8_TRUSS_UPPER,5,HN-180x180,P4_83520_119520:S9_77520_116520,warren-with-verticals,100920.0,-2875.0,17000.0,102870.0,-2875.0,17000.0,1950.0
truss_upper_chord_0036,truss_upper_chord,桁架上弦,ZJ8_TRUSS_UPPER,5,HN-180x180,P4_83520_119520:S9_77520_116520,warren-with-verticals,102870.0,-2875.0,17000.0,104820.0,-2875.0,17000.0,1950.0
truss_upper_chord_0037,truss_upper_chord,桁架上弦,ZJ8_TRUSS_UPPER,5,HN-180x180,P4_83520_119520:S9_77520_116520,warren-with-verticals,104820.0,-2875.0,17000.0,106770.0,-2875.0,17000.0,1950.0
truss_upper_chord_0038,truss_upper_chord,桁架上弦,ZJ8_TRUSS_UPPER,5,HN-180x180,P4_83520_119520:S9_77520_116520,warren-with-verticals,106770.0,-2875.0,17000.0,108720.0,-2875.0,17000.0,1950.0
truss_upper_chord_0039,truss_upper_chord,桁架上弦,ZJ8_TRUSS_UPPER,5,HN-180x180,P4_83520_119520:S9_77520_116520,warren-with-verticals,108720.0,-2875.0,17000.0,110670.0,-2875.0,17000.0,1950.0
truss_upper_chord_0040,truss_upper_chord,桁架上弦,ZJ8_TRUSS_UPPER,5,HN-180x180,P4_83520_119520:S9_77520_116520,warren-with-verticals,110670.0,-2875.0,17000.0,112620.0,-2875.0,17000.0,1950.0
truss_upper_chord_0041,truss_upper_chord,桁架上弦,ZJ8_TRUSS_UPPER,5,HN-180x180,P4_83520_119520:S9_77520_116520,warren-with-verticals,112620.0,-2875.0,17000.0,114570.0,-2875.0,17000.0,1950.0
truss_upper_chord_0042,truss_upper_chord,桁架上弦,ZJ8_TRUSS_UPPER,5,HN-180x180,P4_83520_119520:S9_77520_116520,warren-with-verticals,114570.0,-2875.0,17000.0,116520.0,-2875.0,17000.0,1950.0
truss_lower_chord_0023,truss_lower_chord,桁架下弦,ZJ8_TRUSS_LOWER,5,HN-180x180,P4_83520_119520:S9_77520_116520,warren-with-verticals,77520.0,-2875.0,15200.0,79470.0,-2875.0,15200.0,1950.0
truss_lower_chord_0024,truss_lower_chord,桁架下弦,ZJ8_TRUSS_LOWER,5,HN-180x180,P4_83520_119520:S9_77520_116520,warren-with-verticals,79470.0,-2875.0,15200.0,81420.0,-2875.0,15200.0,1950.0
truss_lower_chord_0025,truss_lower_chord,桁架下弦,ZJ8_TRUSS_LOWER,5,HN-180x180,P4_83520_119520:S9_77520_116520,warren-with-verticals,81420.0,-2875.0,15200.0,83370.0,-2875.0,15200.0,1950.0
truss_lower_chord_0026,truss_lower_chord,桁架下弦,ZJ8_TRUSS_LOWER,5,HN-180x180,P4_83520_119520:S9_77520_116520,warren-with-verticals,83370.0,-2875.0,15200.0,85320.0,-2875.0,15200.0,1950.0
truss_lower_chord_0027,truss_lower_chord,桁架下弦,ZJ8_TRUSS_LOWER,5,HN-180x180,P4_83520_119520:S9_77520_116520,warren-with-verticals,85320.0,-2875.0,15200.0,87270.0,-2875.0,15200.0,1950.0
truss_lower_chord_0028,truss_lower_chord,桁架下弦,ZJ8_TRUSS_LOWER,5,HN-180x180,P4_83520_119520:S9_77520_116520,warren-with-verticals,87270.0,-2875.0,15200.0,89220.0,-2875.0,15200.0,1950.0
truss_lower_chord_0029,truss_lower_chord,桁架下弦,ZJ8_TRUSS_LOWER,5,HN-180x180,P4_83520_119520:S9_77520_116520,warren-with-verticals,89220.0,-2875.0,15200.0,91170.0,-2875.0,15200.0,1950.0
truss_lower_chord_0030,truss_lower_chord,桁架下弦,ZJ8_TRUSS_LOWER,5,HN-180x180,P4_83520_119520:S9_77520_116520,warren-with-verticals,91170.0,-2875.0,15200.0,93120.0,-2875.0,15200.0,1950.0
truss_lower_chord_0031,truss_lower_chord,桁架下弦,ZJ8_TRUSS_LOWER,5,HN-180x180,P4_83520_119520:S9_77520_116520,warren-with-verticals,93120.0,-2875.0,15200.0,95070.0,-2875.0,15200.0,1950.0
truss_lower_chord_0032,truss_lower_chord,桁架下弦,ZJ8_TRUSS_LOWER,5,HN-180x180,P4_83520_119520:S9_77520_116520,warren-with-verticals,95070.0,-2875.0,15200.0,97020.0,-2875.0,15200.0,1950.0
truss_lower_chord_0033,truss_lower_chord,桁架下弦,ZJ8_TRUSS_LOWER,5,HN-180x180,P4_83520_119520:S9_77520_116520,warren-with-verticals,97020.0,-2875.0,15200.0,98970.0,-2875.0,15200.0,1950.0
truss_lower_chord_0034,truss_lower_chord,桁架下弦,ZJ8_TRUSS_LOWER,5,HN-180x180,P4_83520_119520:S9_77520_116520,warren-with-verticals,98970.0,-2875.0,15200.0,100920.0,-2875.0,15200.0,1950.0
truss_lower_chord_0035,truss_lower_chord,桁架下弦,ZJ8_TRUSS_LOWER,5,HN-180x180,P4_83520_119520:S9_77520_116520,warren-with-verticals,100920.0,-2875.0,15200.0,102870.0,-2875.0,15200.0,1950.0
truss_lower_chord_0036,truss_lower_chord,桁架下弦,ZJ8_TRUSS_LOWER,5,HN-180x180,P4_83520_119520:S9_77520_116520,warren-with-verticals,102870.0,-2875.0,15200.0,104820.0,-2875.0,15200.0,1950.0
truss_lower_chord_0037,truss_lower_chord,桁架下弦,ZJ8_TRUSS_LOWER,5,HN-180x180,P4_83520_119520:S9_77520_116520,warren-with-verticals,104820.0,-2875.0,15200.0,106770.0,-2875.0,15200.0,1950.0
truss_lower_chord_0038,truss_lower_chord,桁架下弦,ZJ8_TRUSS_LOWER,5,HN-180x180,P4_83520_119520:S9_77520_116520,warren-with-verticals,106770.0,-2875.0,15200.0,108720.0,-2875.0,15200.0,1950.0
truss_lower_chord_0039,truss_lower_chord,桁架下弦,ZJ8_TRUSS_LOWER,5,HN-180x180,P4_83520_119520:S9_77520_116520,warren-with-verticals,108720.0,-2875.0,15200.0,110670.0,-2875.0,15200.0,1950.0
truss_lower_chord_0040,truss_lower_chord,桁架下弦,ZJ8_TRUSS_LOWER,5,HN-180x180,P4_83520_119520:S9_77520_116520,warren-with-verticals,110670.0,-2875.0,15200.0,112620.0,-2875.0,15200.0,1950.0
truss_lower_chord_0041,truss_lower_chord,桁架下弦,ZJ8_TRUSS_LOWER,5,HN-180x180,P4_83520_119520:S9_77520_116520,warren-with-verticals,112620.0,-2875.0,15200.0,114570.0,-2875.0,15200.0,1950.0
truss_lower_chord_0042,truss_lower_chord,桁架下弦,ZJ8_TRUSS_LOWER,5,HN-180x180,P4_83520_119520:S9_77520_116520,warren-with-verticals,114570.0,-2875.0,15200.0,116520.0,-2875.0,15200.0,1950.0
truss_vertical_0025,truss_vertical,桁架竖腹杆,ZJ8_TRUSS_VERTICAL,5,L90x90,P4_83520_119520:S9_77520_116520,warren-with-verticals,77520.0,-2875.0,17000.0,77520.0,-2875.0,15200.0,1800.0
truss_vertical_0026,truss_vertical,桁架竖腹杆,ZJ8_TRUSS_VERTICAL,5,L90x90,P4_83520_119520:S9_77520_116520,warren-with-verticals,79470.0,-2875.0,17000.0,79470.0,-2875.0,15200.0,1800.0
truss_vertical_0027,truss_vertical,桁架竖腹杆,ZJ8_TRUSS_VERTICAL,5,L90x90,P4_83520_119520:S9_77520_116520,warren-with-verticals,81420.0,-2875.0,17000.0,81420.0,-2875.0,15200.0,1800.0
truss_vertical_0028,truss_vertical,桁架竖腹杆,ZJ8_TRUSS_VERTICAL,5,L90x90,P4_83520_119520:S9_77520_116520,warren-with-verticals,83370.0,-2875.0,17000.0,83370.0,-2875.0,15200.0,1800.0
truss_vertical_0029,truss_vertical,桁架竖腹杆,ZJ8_TRUSS_VERTICAL,5,L90x90,P4_83520_119520:S9_77520_116520,warren-with-verticals,85320.0,-2875.0,17000.0,85320.0,-2875.0,15200.0,1800.0
truss_vertical_0030,truss_vertical,桁架竖腹杆,ZJ8_TRUSS_VERTICAL,5,L90x90,P4_83520_119520:S9_77520_116520,warren-with-verticals,87270.0,-2875.0,17000.0,87270.0,-2875.0,15200.0,1800.0
truss_vertical_0031,truss_vertical,桁架竖腹杆,ZJ8_TRUSS_VERTICAL,5,L90x90,P4_83520_119520:S9_77520_116520,warren-with-verticals,89220.0,-2875.0,17000.0,89220.0,-2875.0,15200.0,1800.0
truss_vertical_0032,truss_vertical,桁架竖腹杆,ZJ8_TRUSS_VERTICAL,5,L90x90,P4_83520_119520:S9_77520_116520,warren-with-verticals,91170.0,-2875.0,17000.0,91170.0,-2875.0,15200.0,1800.0
truss_vertical_0033,truss_vertical,桁架竖腹杆,ZJ8_TRUSS_VERTICAL,5,L90x90,P4_83520_119520:S9_77520_116520,warren-with-verticals,93120.0,-2875.0,17000.0,93120.0,-2875.0,15200.0,1800.0
truss_vertical_0034,truss_vertical,桁架竖腹杆,ZJ8_TRUSS_VERTICAL,5,L90x90,P4_83520_119520:S9_77520_116520,warren-with-verticals,95070.0,-2875.0,17000.0,95070.0,-2875.0,15200.0,1800.0
truss_vertical_0035,truss_vertical,桁架竖腹杆,ZJ8_TRUSS_VERTICAL,5,L90x90,P4_83520_119520:S9_77520_116520,warren-with-verticals,97020.0,-2875.0,17000.0,97020.0,-2875.0,15200.0,1800.0
truss_vertical_0036,truss_vertical,桁架竖腹杆,ZJ8_TRUSS_VERTICAL,5,L90x90,P4_83520_119520:S9_77520_116520,warren-with-verticals,98970.0,-2875.0,17000.0,98970.0,-2875.0,15200.0,1800.0
truss_vertical_0037,truss_vertical,桁架竖腹杆,ZJ8_TRUSS_VERTICAL,5,L90x90,P4_83520_119520:S9_77520_116520,warren-with-verticals,100920.0,-2875.0,17000.0,100920.0,-2875.0,15200.0,1800.0
truss_vertical_0038,truss_vertical,桁架竖腹杆,ZJ8_TRUSS_VERTICAL,5,L90x90,P4_83520_119520:S9_77520_116520,warren-with-verticals,102870.0,-2875.0,17000.0,102870.0,-2875.0,15200.0,1800.0
truss_vertical_0039,truss_vertical,桁架竖腹杆,ZJ8_TRUSS_VERTICAL,5,L90x90,P4_83520_119520:S9_77520_116520,warren-with-verticals,104820.0,-2875.0,17000.0,104820.0,-2875.0,15200.0,1800.0
truss_vertical_0040,truss_vertical,桁架竖腹杆,ZJ8_TRUSS_VERTICAL,5,L90x90,P4_83520_119520:S9_77520_116520,warren-with-verticals,106770.0,-2875.0,17000.0,106770.0,-2875.0,15200.0,1800.0
truss_vertical_0041,truss_vertical,桁架竖腹杆,ZJ8_TRUSS_VERTICAL,5,L90x90,P4_83520_119520:S9_77520_116520,warren-with-verticals,108720.0,-2875.0,17000.0,108720.0,-2875.0,15200.0,1800.0
truss_vertical_0042,truss_vertical,桁架竖腹杆,ZJ8_TRUSS_VERTICAL,5,L90x90,P4_83520_119520:S9_77520_116520,warren-with-verticals,110670.0,-2875.0,17000.0,110670.0,-2875.0,15200.0,1800.0
truss_vertical_0043,truss_vertical,桁架竖腹杆,ZJ8_TRUSS_VERTICAL,5,L90x90,P4_83520_119520:S9_77520_116520,warren-with-verticals,112620.0,-2875.0,17000.0,112620.0,-2875.0,15200.0,1800.0
truss_vertical_0044,truss_vertical,桁架竖腹杆,ZJ8_TRUSS_VERTICAL,5,L90x90,P4_83520_119520:S9_77520_116520,warren-with-verticals,114570.0,-2875.0,17000.0,114570.0,-2875.0,15200.0,1800.0
truss_vertical_0045,truss_vertical,桁架竖腹杆,ZJ8_TRUSS_VERTICAL,5,L90x90,P4_83520_119520:S9_77520_116520,warren-with-verticals,116520.0,-2875.0,17000.0,116520.0,-2875.0,15200.0,1800.0
truss_diagonal_0023,truss_diagonal,桁架斜腹杆,ZJ8_TRUSS_DIAGONAL,5,L90x90,P4_83520_119520:S9_77520_116520,warren-with-verticals,77520.0,-2875.0,15200.0,79470.0,-2875.0,17000.0,2653.770902
truss_diagonal_0024,truss_diagonal,桁架斜腹杆,ZJ8_TRUSS_DIAGONAL,5,L90x90,P4_83520_119520:S9_77520_116520,warren-with-verticals,79470.0,-2875.0,17000.0,81420.0,-2875.0,15200.0,2653.770902
truss_diagonal_0025,truss_diagonal,桁架斜腹杆,ZJ8_TRUSS_DIAGONAL,5,L90x90,P4_83520_119520:S9_77520_116520,warren-with-verticals,81420.0,-2875.0,15200.0,83370.0,-2875.0,17000.0,2653.770902
truss_diagonal_0026,truss_diagonal,桁架斜腹杆,ZJ8_TRUSS_DIAGONAL,5,L90x90,P4_83520_119520:S9_77520_116520,warren-with-verticals,83370.0,-2875.0,17000.0,85320.0,-2875.0,15200.0,2653.770902
truss_diagonal_0027,truss_diagonal,桁架斜腹杆,ZJ8_TRUSS_DIAGONAL,5,L90x90,P4_83520_119520:S9_77520_116520,warren-with-verticals,85320.0,-2875.0,15200.0,87270.0,-2875.0,17000.0,2653.770902
truss_diagonal_0028,truss_diagonal,桁架斜腹杆,ZJ8_TRUSS_DIAGONAL,5,L90x90,P4_83520_119520:S9_77520_116520,warren-with-verticals,87270.0,-2875.0,17000.0,89220.0,-2875.0,15200.0,2653.770902
truss_diagonal_0029,truss_diagonal,桁架斜腹杆,ZJ8_TRUSS_DIAGONAL,5,L90x90,P4_83520_119520:S9_77520_116520,warren-with-verticals,89220.0,-2875.0,15200.0,91170.0,-2875.0,17000.0,2653.770902
truss_diagonal_0030,truss_diagonal,桁架斜腹杆,ZJ8_TRUSS_DIAGONAL,5,L90x90,P4_83520_119520:S9_77520_116520,warren-with-verticals,91170.0,-2875.0,17000.0,93120.0,-2875.0,15200.0,2653.770902
truss_diagonal_0031,truss_diagonal,桁架斜腹杆,ZJ8_TRUSS_DIAGONAL,5,L90x90,P4_83520_119520:S9_77520_116520,warren-with-verticals,93120.0,-2875.0,15200.0,95070.0,-2875.0,17000.0,2653.770902
truss_diagonal_0032,truss_diagonal,桁架斜腹杆,ZJ8_TRUSS_DIAGONAL,5,L90x90,P4_83520_119520:S9_77520_116520,warren-with-verticals,95070.0,-2875.0,17000.0,97020.0,-2875.0,15200.0,2653.770902
truss_diagonal_0033,truss_diagonal,桁架斜腹杆,ZJ8_TRUSS_DIAGONAL,5,L90x90,P4_83520_119520:S9_77520_116520,warren-with-verticals,97020.0,-2875.0,15200.0,98970.0,-2875.0,17000.0,2653.770902
truss_diagonal_0034,truss_diagonal,桁架斜腹杆,ZJ8_TRUSS_DIAGONAL,5,L90x90,P4_83520_119520:S9_77520_116520,warren-with-verticals,98970.0,-2875.0,17000.0,100920.0,-2875.0,15200.0,2653.770902
truss_diagonal_0035,truss_diagonal,桁架斜腹杆,ZJ8_TRUSS_DIAGONAL,5,L90x90,P4_83520_119520:S9_77520_116520,warren-with-verticals,100920.0,-2875.0,15200.0,102870.0,-2875.0,17000.0,2653.770902
truss_diagonal_0036,truss_diagonal,桁架斜腹杆,ZJ8_TRUSS_DIAGONAL,5,L90x90,P4_83520_119520:S9_77520_116520,warren-with-verticals,102870.0,-2875.0,17000.0,104820.0,-2875.0,15200.0,2653.770902
truss_diagonal_0037,truss_diagonal,桁架斜腹杆,ZJ8_TRUSS_DIAGONAL,5,L90x90,P4_83520_119520:S9_77520_116520,warren-with-verticals,104820.0,-2875.0,15200.0,106770.0,-2875.0,17000.0,2653.770902
truss_diagonal_0038,truss_diagonal,桁架斜腹杆,ZJ8_TRUSS_DIAGONAL,5,L90x90,P4_83520_119520:S9_77520_116520,warren-with-verticals,106770.0,-2875.0,17000.0,108720.0,-2875.0,15200.0,2653.770902
truss_diagonal_0039,truss_diagonal,桁架斜腹杆,ZJ8_TRUSS_DIAGONAL,5,L90x90,P4_83520_119520:S9_77520_116520,warren-with-verticals,108720.0,-2875.0,15200.0,110670.0,-2875.0,17000.0,2653.770902
truss_diagonal_0040,truss_diagonal,桁架斜腹杆,ZJ8_TRUSS_DIAGONAL,5,L90x90,P4_83520_119520:S9_77520_116520,warren-with-verticals,110670.0,-2875.0,17000.0,112620.0,-2875.0,15200.0,2653.770902
truss_diagonal_0041,truss_diagonal,桁架斜腹杆,ZJ8_TRUSS_DIAGONAL,5,L90x90,P4_83520_119520:S9_77520_116520,warren-with-verticals,112620.0,-2875.0,15200.0,114570.0,-2875.0,17000.0,2653.770902
truss_diagonal_0042,truss_diagonal,桁架斜腹杆,ZJ8_TRUSS_DIAGONAL,5,L90x90,P4_83520_119520:S9_77520_116520,warren-with-verticals,114570.0,-2875.0,17000.0,116520.0,-2875.0,15200.0,2653.770902
truss_upper_chord_0043,truss_upper_chord,桁架上弦,ZJ8_TRUSS_UPPER,5,HN-180x180,P4_83520_119520:S9_77520_116520,warren-with-verticals,77520.0,2875.0,17000.0,79470.0,2875.0,17000.0,1950.0
truss_upper_chord_0044,truss_upper_chord,桁架上弦,ZJ8_TRUSS_UPPER,5,HN-180x180,P4_83520_119520:S9_77520_116520,warren-with-verticals,79470.0,2875.0,17000.0,81420.0,2875.0,17000.0,1950.0
truss_upper_chord_0045,truss_upper_chord,桁架上弦,ZJ8_TRUSS_UPPER,5,HN-180x180,P4_83520_119520:S9_77520_116520,warren-with-verticals,81420.0,2875.0,17000.0,83370.0,2875.0,17000.0,1950.0
truss_upper_chord_0046,truss_upper_chord,桁架上弦,ZJ8_TRUSS_UPPER,5,HN-180x180,P4_83520_119520:S9_77520_116520,warren-with-verticals,83370.0,2875.0,17000.0,85320.0,2875.0,17000.0,1950.0
truss_upper_chord_0047,truss_upper_chord,桁架上弦,ZJ8_TRUSS_UPPER,5,HN-180x180,P4_83520_119520:S9_77520_116520,warren-with-verticals,85320.0,2875.0,17000.0,87270.0,2875.0,17000.0,1950.0
truss_upper_chord_0048,truss_upper_chord,桁架上弦,ZJ8_TRUSS_UPPER,5,HN-180x180,P4_83520_119520:S9_77520_116520,warren-with-verticals,87270.0,2875.0,17000.0,89220.0,2875.0,17000.0,1950.0
truss_upper_chord_0049,truss_upper_chord,桁架上弦,ZJ8_TRUSS_UPPER,5,HN-180x180,P4_83520_119520:S9_77520_116520,warren-with-verticals,89220.0,2875.0,17000.0,91170.0,2875.0,17000.0,1950.0
truss_upper_chord_0050,truss_upper_chord,桁架上弦,ZJ8_TRUSS_UPPER,5,HN-180x180,P4_83520_119520:S9_77520_116520,warren-with-verticals,91170.0,2875.0,17000.0,93120.0,2875.0,17000.0,1950.0
truss_upper_chord_0051,truss_upper_chord,桁架上弦,ZJ8_TRUSS_UPPER,5,HN-180x180,P4_83520_119520:S9_77520_116520,warren-with-verticals,93120.0,2875.0,17000.0,95070.0,2875.0,17000.0,1950.0
truss_upper_chord_0052,truss_upper_chord,桁架上弦,ZJ8_TRUSS_UPPER,5,HN-180x180,P4_83520_119520:S9_77520_116520,warren-with-verticals,95070.0,2875.0,17000.0,97020.0,2875.0,17000.0,1950.0
truss_upper_chord_0053,truss_upper_chord,桁架上弦,ZJ8_TRUSS_UPPER,5,HN-180x180,P4_83520_119520:S9_77520_116520,warren-with-verticals,97020.0,2875.0,17000.0,98970.0,2875.0,17000.0,1950.0
truss_upper_chord_0054,truss_upper_chord,桁架上弦,ZJ8_TRUSS_UPPER,5,HN-180x180,P4_83520_119520:S9_77520_116520,warren-with-verticals,98970.0,2875.0,17000.0,100920.0,2875.0,17000.0,1950.0
truss_upper_chord_0055,truss_upper_chord,桁架上弦,ZJ8_TRUSS_UPPER,5,HN-180x180,P4_83520_119520:S9_77520_116520,warren-with-verticals,100920.0,2875.0,17000.0,102870.0,2875.0,17000.0,1950.0
truss_upper_chord_0056,truss_upper_chord,桁架上弦,ZJ8_TRUSS_UPPER,5,HN-180x180,P4_83520_119520:S9_77520_116520,warren-with-verticals,102870.0,2875.0,17000.0,104820.0,2875.0,17000.0,1950.0
truss_upper_chord_0057,truss_upper_chord,桁架上弦,ZJ8_TRUSS_UPPER,5,HN-180x180,P4_83520_119520:S9_77520_116520,warren-with-verticals,104820.0,2875.0,17000.0,106770.0,2875.0,17000.0,1950.0
truss_upper_chord_0058,truss_upper_chord,桁架上弦,ZJ8_TRUSS_UPPER,5,HN-180x180,P4_83520_119520:S9_77520_116520,warren-with-verticals,106770.0,2875.0,17000.0,108720.0,2875.0,17000.0,1950.0
truss_upper_chord_0059,truss_upper_chord,桁架上弦,ZJ8_TRUSS_UPPER,5,HN-180x180,P4_83520_119520:S9_77520_116520,warren-with-verticals,108720.0,2875.0,17000.0,110670.0,2875.0,17000.0,1950.0
truss_upper_chord_0060,truss_upper_chord,桁架上弦,ZJ8_TRUSS_UPPER,5,HN-180x180,P4_83520_119520:S9_77520_116520,warren-with-verticals,110670.0,2875.0,17000.0,112620.0,2875.0,17000.0,1950.0
truss_upper_chord_0061,truss_upper_chord,桁架上弦,ZJ8_TRUSS_UPPER,5,HN-180x180,P4_83520_119520:S9_77520_116520,warren-with-verticals,112620.0,2875.0,17000.0,114570.0,2875.0,17000.0,1950.0
truss_upper_chord_0062,truss_upper_chord,桁架上弦,ZJ8_TRUSS_UPPER,5,HN-180x180,P4_83520_119520:S9_77520_116520,warren-with-verticals,114570.0,2875.0,17000.0,116520.0,2875.0,17000.0,1950.0
truss_lower_chord_0043,truss_lower_chord,桁架下弦,ZJ8_TRUSS_LOWER,5,HN-180x180,P4_83520_119520:S9_77520_116520,warren-with-verticals,77520.0,2875.0,15200.0,79470.0,2875.0,15200.0,1950.0
truss_lower_chord_0044,truss_lower_chord,桁架下弦,ZJ8_TRUSS_LOWER,5,HN-180x180,P4_83520_119520:S9_77520_116520,warren-with-verticals,79470.0,2875.0,15200.0,81420.0,2875.0,15200.0,1950.0
truss_lower_chord_0045,truss_lower_chord,桁架下弦,ZJ8_TRUSS_LOWER,5,HN-180x180,P4_83520_119520:S9_77520_116520,warren-with-verticals,81420.0,2875.0,15200.0,83370.0,2875.0,15200.0,1950.0
truss_lower_chord_0046,truss_lower_chord,桁架下弦,ZJ8_TRUSS_LOWER,5,HN-180x180,P4_83520_119520:S9_77520_116520,warren-with-verticals,83370.0,2875.0,15200.0,85320.0,2875.0,15200.0,1950.0
truss_lower_chord_0047,truss_lower_chord,桁架下弦,ZJ8_TRUSS_LOWER,5,HN-180x180,P4_83520_119520:S9_77520_116520,warren-with-verticals,85320.0,2875.0,15200.0,87270.0,2875.0,15200.0,1950.0
truss_lower_chord_0048,truss_lower_chord,桁架下弦,ZJ8_TRUSS_LOWER,5,HN-180x180,P4_83520_119520:S9_77520_116520,warren-with-verticals,87270.0,2875.0,15200.0,89220.0,2875.0,15200.0,1950.0
truss_lower_chord_0049,truss_lower_chord,桁架下弦,ZJ8_TRUSS_LOWER,5,HN-180x180,P4_83520_119520:S9_77520_116520,warren-with-verticals,89220.0,2875.0,15200.0,91170.0,2875.0,15200.0,1950.0
truss_lower_chord_0050,truss_lower_chord,桁架下弦,ZJ8_TRUSS_LOWER,5,HN-180x180,P4_83520_119520:S9_77520_116520,warren-with-verticals,91170.0,2875.0,15200.0,93120.0,2875.0,15200.0,1950.0
truss_lower_chord_0051,truss_lower_chord,桁架下弦,ZJ8_TRUSS_LOWER,5,HN-180x180,P4_83520_119520:S9_77520_116520,warren-with-verticals,93120.0,2875.0,15200.0,95070.0,2875.0,15200.0,1950.0
truss_lower_chord_0052,truss_lower_chord,桁架下弦,ZJ8_TRUSS_LOWER,5,HN-180x180,P4_83520_119520:S9_77520_116520,warren-with-verticals,95070.0,2875.0,15200.0,97020.0,2875.0,15200.0,1950.0
truss_lower_chord_0053,truss_lower_chord,桁架下弦,ZJ8_TRUSS_LOWER,5,HN-180x180,P4_83520_119520:S9_77520_116520,warren-with-verticals,97020.0,2875.0,15200.0,98970.0,2875.0,15200.0,1950.0
truss_lower_chord_0054,truss_lower_chord,桁架下弦,ZJ8_TRUSS_LOWER,5,HN-180x180,P4_83520_119520:S9_77520_116520,warren-with-verticals,98970.0,2875.0,15200.0,100920.0,2875.0,15200.0,1950.0
truss_lower_chord_0055,truss_lower_chord,桁架下弦,ZJ8_TRUSS_LOWER,5,HN-180x180,P4_83520_119520:S9_77520_116520,warren-with-verticals,100920.0,2875.0,15200.0,102870.0,2875.0,15200.0,1950.0
truss_lower_chord_0056,truss_lower_chord,桁架下弦,ZJ8_TRUSS_LOWER,5,HN-180x180,P4_83520_119520:S9_77520_116520,warren-with-verticals,102870.0,2875.0,15200.0,104820.0,2875.0,15200.0,1950.0
truss_lower_chord_0057,truss_lower_chord,桁架下弦,ZJ8_TRUSS_LOWER,5,HN-180x180,P4_83520_119520:S9_77520_116520,warren-with-verticals,104820.0,2875.0,15200.0,106770.0,2875.0,15200.0,1950.0
truss_lower_chord_0058,truss_lower_chord,桁架下弦,ZJ8_TRUSS_LOWER,5,HN-180x180,P4_83520_119520:S9_77520_116520,warren-with-verticals,106770.0,2875.0,15200.0,108720.0,2875.0,15200.0,1950.0
truss_lower_chord_0059,truss_lower_chord,桁架下弦,ZJ8_TRUSS_LOWER,5,HN-180x180,P4_83520_119520:S9_77520_116520,warren-with-verticals,108720.0,2875.0,15200.0,110670.0,2875.0,15200.0,1950.0
truss_lower_chord_0060,truss_lower_chord,桁架下弦,ZJ8_TRUSS_LOWER,5,HN-180x180,P4_83520_119520:S9_77520_116520,warren-with-verticals,110670.0,2875.0,15200.0,112620.0,2875.0,15200.0,1950.0
truss_lower_chord_0061,truss_lower_chord,桁架下弦,ZJ8_TRUSS_LOWER,5,HN-180x180,P4_83520_119520:S9_77520_116520,warren-with-verticals,112620.0,2875.0,15200.0,114570.0,2875.0,15200.0,1950.0
truss_lower_chord_0062,truss_lower_chord,桁架下弦,ZJ8_TRUSS_LOWER,5,HN-180x180,P4_83520_119520:S9_77520_116520,warren-with-verticals,114570.0,2875.0,15200.0,116520.0,2875.0,15200.0,1950.0
truss_vertical_0046,truss_vertical,桁架竖腹杆,ZJ8_TRUSS_VERTICAL,5,L90x90,P4_83520_119520:S9_77520_116520,warren-with-verticals,77520.0,2875.0,17000.0,77520.0,2875.0,15200.0,1800.0
truss_vertical_0047,truss_vertical,桁架竖腹杆,ZJ8_TRUSS_VERTICAL,5,L90x90,P4_83520_119520:S9_77520_116520,warren-with-verticals,79470.0,2875.0,17000.0,79470.0,2875.0,15200.0,1800.0
truss_vertical_0048,truss_vertical,桁架竖腹杆,ZJ8_TRUSS_VERTICAL,5,L90x90,P4_83520_119520:S9_77520_116520,warren-with-verticals,81420.0,2875.0,17000.0,81420.0,2875.0,15200.0,1800.0
truss_vertical_0049,truss_vertical,桁架竖腹杆,ZJ8_TRUSS_VERTICAL,5,L90x90,P4_83520_119520:S9_77520_116520,warren-with-verticals,83370.0,2875.0,17000.0,83370.0,2875.0,15200.0,1800.0
truss_vertical_0050,truss_vertical,桁架竖腹杆,ZJ8_TRUSS_VERTICAL,5,L90x90,P4_83520_119520:S9_77520_116520,warren-with-verticals,85320.0,2875.0,17000.0,85320.0,2875.0,15200.0,1800.0
truss_vertical_0051,truss_vertical,桁架竖腹杆,ZJ8_TRUSS_VERTICAL,5,L90x90,P4_83520_119520:S9_77520_116520,warren-with-verticals,87270.0,2875.0,17000.0,87270.0,2875.0,15200.0,1800.0
truss_vertical_0052,truss_vertical,桁架竖腹杆,ZJ8_TRUSS_VERTICAL,5,L90x90,P4_83520_119520:S9_77520_116520,warren-with-verticals,89220.0,2875.0,17000.0,89220.0,2875.0,15200.0,1800.0
truss_vertical_0053,truss_vertical,桁架竖腹杆,ZJ8_TRUSS_VERTICAL,5,L90x90,P4_83520_119520:S9_77520_116520,warren-with-verticals,91170.0,2875.0,17000.0,91170.0,2875.0,15200.0,1800.0
truss_vertical_0054,truss_vertical,桁架竖腹杆,ZJ8_TRUSS_VERTICAL,5,L90x90,P4_83520_119520:S9_77520_116520,warren-with-verticals,93120.0,2875.0,17000.0,93120.0,2875.0,15200.0,1800.0
truss_vertical_0055,truss_vertical,桁架竖腹杆,ZJ8_TRUSS_VERTICAL,5,L90x90,P4_83520_119520:S9_77520_116520,warren-with-verticals,95070.0,2875.0,17000.0,95070.0,2875.0,15200.0,1800.0
truss_vertical_0056,truss_vertical,桁架竖腹杆,ZJ8_TRUSS_VERTICAL,5,L90x90,P4_83520_119520:S9_77520_116520,warren-with-verticals,97020.0,2875.0,17000.0,97020.0,2875.0,15200.0,1800.0
truss_vertical_0057,truss_vertical,桁架竖腹杆,ZJ8_TRUSS_VERTICAL,5,L90x90,P4_83520_119520:S9_77520_116520,warren-with-verticals,98970.0,2875.0,17000.0,98970.0,2875.0,15200.0,1800.0
truss_vertical_0058,truss_vertical,桁架竖腹杆,ZJ8_TRUSS_VERTICAL,5,L90x90,P4_83520_119520:S9_77520_116520,warren-with-verticals,100920.0,2875.0,17000.0,100920.0,2875.0,15200.0,1800.0
truss_vertical_0059,truss_vertical,桁架竖腹杆,ZJ8_TRUSS_VERTICAL,5,L90x90,P4_83520_119520:S9_77520_116520,warren-with-verticals,102870.0,2875.0,17000.0,102870.0,2875.0,15200.0,1800.0
truss_vertical_0060,truss_vertical,桁架竖腹杆,ZJ8_TRUSS_VERTICAL,5,L90x90,P4_83520_119520:S9_77520_116520,warren-with-verticals,104820.0,2875.0,17000.0,104820.0,2875.0,15200.0,1800.0
truss_vertical_0061,truss_vertical,桁架竖腹杆,ZJ8_TRUSS_VERTICAL,5,L90x90,P4_83520_119520:S9_77520_116520,warren-with-verticals,106770.0,2875.0,17000.0,106770.0,2875.0,15200.0,1800.0
truss_vertical_0062,truss_vertical,桁架竖腹杆,ZJ8_TRUSS_VERTICAL,5,L90x90,P4_83520_119520:S9_77520_116520,warren-with-verticals,108720.0,2875.0,17000.0,108720.0,2875.0,15200.0,1800.0
truss_vertical_0063,truss_vertical,桁架竖腹杆,ZJ8_TRUSS_VERTICAL,5,L90x90,P4_83520_119520:S9_77520_116520,warren-with-verticals,110670.0,2875.0,17000.0,110670.0,2875.0,15200.0,1800.0
truss_vertical_0064,truss_vertical,桁架竖腹杆,ZJ8_TRUSS_VERTICAL,5,L90x90,P4_83520_119520:S9_77520_116520,warren-with-verticals,112620.0,2875.0,17000.0,112620.0,2875.0,15200.0,1800.0
truss_vertical_0065,truss_vertical,桁架竖腹杆,ZJ8_TRUSS_VERTICAL,5,L90x90,P4_83520_119520:S9_77520_116520,warren-with-verticals,114570.0,2875.0,17000.0,114570.0,2875.0,15200.0,1800.0
truss_vertical_0066,truss_vertical,桁架竖腹杆,ZJ8_TRUSS_VERTICAL,5,L90x90,P4_83520_119520:S9_77520_116520,warren-with-verticals,116520.0,2875.0,17000.0,116520.0,2875.0,15200.0,1800.0
truss_diagonal_0043,truss_diagonal,桁架斜腹杆,ZJ8_TRUSS_DIAGONAL,5,L90x90,P4_83520_119520:S9_77520_116520,warren-with-verticals,77520.0,2875.0,15200.0,79470.0,2875.0,17000.0,2653.770902
truss_diagonal_0044,truss_diagonal,桁架斜腹杆,ZJ8_TRUSS_DIAGONAL,5,L90x90,P4_83520_119520:S9_77520_116520,warren-with-verticals,79470.0,2875.0,17000.0,81420.0,2875.0,15200.0,2653.770902
truss_diagonal_0045,truss_diagonal,桁架斜腹杆,ZJ8_TRUSS_DIAGONAL,5,L90x90,P4_83520_119520:S9_77520_116520,warren-with-verticals,81420.0,2875.0,15200.0,83370.0,2875.0,17000.0,2653.770902
truss_diagonal_0046,truss_diagonal,桁架斜腹杆,ZJ8_TRUSS_DIAGONAL,5,L90x90,P4_83520_119520:S9_77520_116520,warren-with-verticals,83370.0,2875.0,17000.0,85320.0,2875.0,15200.0,2653.770902
truss_diagonal_0047,truss_diagonal,桁架斜腹杆,ZJ8_TRUSS_DIAGONAL,5,L90x90,P4_83520_119520:S9_77520_116520,warren-with-verticals,85320.0,2875.0,15200.0,87270.0,2875.0,17000.0,2653.770902
truss_diagonal_0048,truss_diagonal,桁架斜腹杆,ZJ8_TRUSS_DIAGONAL,5,L90x90,P4_83520_119520:S9_77520_116520,warren-with-verticals,87270.0,2875.0,17000.0,89220.0,2875.0,15200.0,2653.770902
truss_diagonal_0049,truss_diagonal,桁架斜腹杆,ZJ8_TRUSS_DIAGONAL,5,L90x90,P4_83520_119520:S9_77520_116520,warren-with-verticals,89220.0,2875.0,15200.0,91170.0,2875.0,17000.0,2653.770902
truss_diagonal_0050,truss_diagonal,桁架斜腹杆,ZJ8_TRUSS_DIAGONAL,5,L90x90,P4_83520_119520:S9_77520_116520,warren-with-verticals,91170.0,2875.0,17000.0,93120.0,2875.0,15200.0,2653.770902
truss_diagonal_0051,truss_diagonal,桁架斜腹杆,ZJ8_TRUSS_DIAGONAL,5,L90x90,P4_83520_119520:S9_77520_116520,warren-with-verticals,93120.0,2875.0,15200.0,95070.0,2875.0,17000.0,2653.770902
truss_diagonal_0052,truss_diagonal,桁架斜腹杆,ZJ8_TRUSS_DIAGONAL,5,L90x90,P4_83520_119520:S9_77520_116520,warren-with-verticals,95070.0,2875.0,17000.0,97020.0,2875.0,15200.0,2653.770902
truss_diagonal_0053,truss_diagonal,桁架斜腹杆,ZJ8_TRUSS_DIAGONAL,5,L90x90,P4_83520_119520:S9_77520_116520,warren-with-verticals,97020.0,2875.0,15200.0,98970.0,2875.0,17000.0,2653.770902
truss_diagonal_0054,truss_diagonal,桁架斜腹杆,ZJ8_TRUSS_DIAGONAL,5,L90x90,P4_83520_119520:S9_77520_116520,warren-with-verticals,98970.0,2875.0,17000.0,100920.0,2875.0,15200.0,2653.770902
truss_diagonal_0055,truss_diagonal,桁架斜腹杆,ZJ8_TRUSS_DIAGONAL,5,L90x90,P4_83520_119520:S9_77520_116520,warren-with-verticals,100920.0,2875.0,15200.0,102870.0,2875.0,17000.0,2653.770902
truss_diagonal_0056,truss_diagonal,桁架斜腹杆,ZJ8_TRUSS_DIAGONAL,5,L90x90,P4_83520_119520:S9_77520_116520,warren-with-verticals,102870.0,2875.0,17000.0,104820.0,2875.0,15200.0,2653.770902
truss_diagonal_0057,truss_diagonal,桁架斜腹杆,ZJ8_TRUSS_DIAGONAL,5,L90x90,P4_83520_119520:S9_77520_116520,warren-with-verticals,104820.0,2875.0,15200.0,106770.0,2875.0,17000.0,2653.770902
truss_diagonal_0058,truss_diagonal,桁架斜腹杆,ZJ8_TRUSS_DIAGONAL,5,L90x90,P4_83520_119520:S9_77520_116520,warren-with-verticals,106770.0,2875.0,17000.0,108720.0,2875.0,15200.0,2653.770902
truss_diagonal_0059,truss_diagonal,桁架斜腹杆,ZJ8_TRUSS_DIAGONAL,5,L90x90,P4_83520_119520:S9_77520_116520,warren-with-verticals,108720.0,2875.0,15200.0,110670.0,2875.0,17000.0,2653.770902
truss_diagonal_0060,truss_diagonal,桁架斜腹杆,ZJ8_TRUSS_DIAGONAL,5,L90x90,P4_83520_119520:S9_77520_116520,warren-with-verticals,110670.0,2875.0,17000.0,112620.0,2875.0,15200.0,2653.770902
truss_diagonal_0061,truss_diagonal,桁架斜腹杆,ZJ8_TRUSS_DIAGONAL,5,L90x90,P4_83520_119520:S9_77520_116520,warren-with-verticals,112620.0,2875.0,15200.0,114570.0,2875.0,17000.0,2653.770902
truss_diagonal_0062,truss_diagonal,桁架斜腹杆,ZJ8_TRUSS_DIAGONAL,5,L90x90,P4_83520_119520:S9_77520_116520,warren-with-verticals,114570.0,2875.0,17000.0,116520.0,2875.0,15200.0,2653.770902
deck_main_beam_0079,deck_main_beam,平台主梁,ZJ8_DECK_MAIN,4,HM-220x220,P4_83520_119520:S10_116520_119520,double-side-cantilever,116520.0,-2875.0,17000.0,119520.0,-2875.0,17000.0,3000.0
deck_main_beam_0080,deck_main_beam,平台主梁,ZJ8_DECK_MAIN,4,HM-220x220,P4_83520_119520:S10_116520_119520,double-side-cantilever,116520.0,2875.0,17000.0,119520.0,2875.0,17000.0,3000.0
deck_secondary_beam_0079,deck_secondary_beam,平台次梁,ZJ8_DECK_SECONDARY,3,HN-120x120,P4_83520_119520:S10_116520_119520,double-side-cantilever,116520.0,-1075.0,17000.0,119520.0,-1075.0,17000.0,3000.0
deck_secondary_beam_0080,deck_secondary_beam,平台次梁,ZJ8_DECK_SECONDARY,3,HN-120x120,P4_83520_119520:S10_116520_119520,double-side-cantilever,116520.0,1075.0,17000.0,119520.0,1075.0,17000.0,3000.0
cantilever_edge_beam_0081,cantilever_edge_beam,外挑边梁,ZJ8_CANTILEVER_EDGE,3,HN-120x120,P4_83520_119520:S10_116520_119520,double-side-cantilever,116520.0,-2200.0,17000.0,119520.0,-2200.0,17000.0,3000.0
cantilever_edge_beam_0082,cantilever_edge_beam,外挑边梁,ZJ8_CANTILEVER_EDGE,3,HN-120x120,P4_83520_119520:S10_116520_119520,double-side-cantilever,116520.0,2700.0,17000.0,119520.0,2700.0,17000.0,3000.0
platform_brace_0040,platform_brace,平台平面支撑,ZJ8_PLATFORM_BRACE,1,L90x90,P4_83520_119520:S10_116520_119520,alternating-x,116520.0,-2875.0,17000.0,119520.0,2875.0,17000.0,6485.560886
longitudinal_support_brace_0007,longitudinal_support_brace,固定支架纵向支撑,ZJ8_LONGITUDINAL_BRACE,1,L90x90,P4_83520_119520:S10_116520_119520,alternating-x,116520.0,-2875.0,0.0,119520.0,-2875.0,17000.0,17262.676502
longitudinal_support_brace_0008,longitudinal_support_brace,固定支架纵向支撑,ZJ8_LONGITUDINAL_BRACE,1,L90x90,P4_83520_119520:S10_116520_119520,alternating-x,116520.0,2875.0,0.0,119520.0,2875.0,17000.0,17262.676502
